OMIM_ID	DO_ID
OMIM:100300	DOID:0060227
OMIM:100800	DOID:4480
OMIM:101000	DOID:8712
OMIM:101200	DOID:12960
OMIM:101400	DOID:14768
OMIM:101600	DOID:14705
OMIM:101800	DOID:14669
OMIM:101900	DOID:0050606
OMIM:102200	DOID:6255
OMIM:102370	DOID:0080001
OMIM:102500	DOID:2736
OMIM:102530	DOID:14227
OMIM:102700	DOID:5810
OMIM:102900	DOID:74
OMIM:103050	DOID:655
OMIM:103285	DOID:0050601
OMIM:103500	DOID:9252
OMIM:103580	DOID:0080053
OMIM:103780	DOID:0050741
OMIM:103900	DOID:14080
OMIM:104200	DOID:10983
OMIM:104290	DOID:0050635
OMIM:104300	DOID:10652
OMIM:104310	DOID:10652
OMIM:104500	DOID:2187
OMIM:104510	DOID:2187
OMIM:104530	DOID:2187
OMIM:105120	DOID:0050637
OMIM:105150	DOID:9246
OMIM:105200	DOID:0050636
OMIM:105210	DOID:0050638
OMIM:105250	DOID:0050639
OMIM:105400	DOID:0060193
OMIM:105500	DOID:332
OMIM:105550	DOID:332
OMIM:105650	DOID:1339
OMIM:105830	DOID:1932
OMIM:106100	DOID:14735
OMIM:106210	DOID:12271
OMIM:106260	DOID:9296
OMIM:106300	DOID:1123
OMIM:106600	DOID:0050591
OMIM:107250	DOID:5614
OMIM:107480	DOID:0050887
OMIM:107600	DOID:14693
OMIM:107970	DOID:0050431
OMIM:108010	DOID:6713
OMIM:108120	DOID:0050646
OMIM:108145	DOID:0050646
OMIM:108300	DOID:0080046
OMIM:108500	DOID:963
OMIM:108600	DOID:2476
OMIM:108720	DOID:0050648
OMIM:108721	DOID:0050648
OMIM:108770	DOID:0050700
OMIM:108900	DOID:1882
OMIM:108985	DOID:12318
OMIM:109150	DOID:1440
OMIM:109400	DOID:2512
OMIM:109730	DOID:1712
OMIM:109800	DOID:11054
OMIM:110100	DOID:14778
OMIM:112240	DOID:2340
OMIM:112250	DOID:4415
OMIM:112310	DOID:0050680
OMIM:112500	DOID:0050581
OMIM:112600	DOID:0050581
OMIM:113000	DOID:0050581
OMIM:113100	DOID:0050581
OMIM:113200	DOID:0050581
OMIM:113300	DOID:0050581
OMIM:113500	DOID:0050690
OMIM:113620	DOID:0050691
OMIM:113650	DOID:14702
OMIM:113750	DOID:3156
OMIM:113800	DOID:4603
OMIM:113900	DOID:114
OMIM:113970	DOID:8584
OMIM:114000	DOID:4257
OMIM:114290	DOID:0050463
OMIM:114300	DOID:0050646
OMIM:114480	DOID:1612
OMIM:114500	DOID:1520
OMIM:114550	DOID:684
OMIM:114900	DOID:10155
OMIM:115080	DOID:0060319
OMIM:115150	DOID:0060233
OMIM:115195	DOID:11984
OMIM:115196	DOID:11984
OMIM:115197	DOID:11984
OMIM:115200	DOID:12930
OMIM:115210	DOID:397
OMIM:115300	DOID:5113
OMIM:115310	DOID:0050773
OMIM:115430	DOID:12169
OMIM:115700	DOID:83
OMIM:115900	DOID:83
OMIM:116100	DOID:83
OMIM:116200	DOID:83
OMIM:116300	DOID:83
OMIM:116400	DOID:83
OMIM:116600	DOID:0050537
OMIM:116700	DOID:83
OMIM:116800	DOID:83
OMIM:116920	DOID:6612
OMIM:117000	DOID:3529
OMIM:117210	DOID:1441
OMIM:117300	DOID:9246
OMIM:117360	DOID:9277
OMIM:117550	DOID:14748
OMIM:117650	DOID:1059
OMIM:118100	DOID:10426
OMIM:118200	DOID:0050538
OMIM:118210	DOID:0050539
OMIM:118220	DOID:0050538
OMIM:118300	DOID:0050538
OMIM:118400	DOID:1856
OMIM:118450	DOID:9245
OMIM:118600	DOID:1156
OMIM:118700	DOID:12859
OMIM:118800	DOID:480
OMIM:119300	DOID:0060239
OMIM:119500	DOID:0060055
OMIM:119540	DOID:674
OMIM:119600	DOID:13994
OMIM:119800	DOID:11836
OMIM:119900	DOID:14283
OMIM:120100	DOID:37
OMIM:120200	DOID:12270
OMIM:120330	DOID:12270
OMIM:120430	DOID:11975
OMIM:120435	DOID:3883
OMIM:120790	DOID:612
OMIM:120970	DOID:0050572
OMIM:121050	DOID:0050646
OMIM:121200	DOID:14264
OMIM:121201	DOID:14264
OMIM:121300	DOID:13269
OMIM:121800	DOID:12318
OMIM:121820	DOID:0060216
OMIM:121850	DOID:12318
OMIM:121900	DOID:12318
OMIM:122000	DOID:12318
OMIM:122100	DOID:12318
OMIM:122200	DOID:12318
OMIM:122470	DOID:11725
OMIM:122600	DOID:0050568
OMIM:122700	DOID:655
OMIM:122860	DOID:0080033
OMIM:122880	DOID:10003
OMIM:123000	DOID:0080033
OMIM:123100	DOID:2340
OMIM:123150	DOID:2340
OMIM:123400	DOID:11949
OMIM:123500	DOID:2339
OMIM:123700	DOID:3144
OMIM:123790	DOID:0050660
OMIM:124200	DOID:2734
OMIM:124500	DOID:10003
OMIM:124900	DOID:0050564
OMIM:125310	DOID:13945
OMIM:125350	DOID:1091
OMIM:125370	DOID:0060162
OMIM:125400	DOID:701
OMIM:125420	DOID:701
OMIM:125490	DOID:4154
OMIM:125500	DOID:4154
OMIM:125595	DOID:987
OMIM:125700	DOID:12388
OMIM:125800	DOID:12387
OMIM:125850	DOID:0050524
OMIM:125851	DOID:0050524
OMIM:125852	DOID:9744
OMIM:125853	DOID:9352
OMIM:126200	DOID:2377
OMIM:126600	DOID:12318
OMIM:126700	DOID:2569
OMIM:127000	DOID:4257
OMIM:127300	DOID:12721
OMIM:127400	DOID:0060257
OMIM:127550	DOID:2729
OMIM:127700	DOID:4428
OMIM:127750	DOID:12217
OMIM:128100	DOID:0050835
OMIM:128101	DOID:0050835
OMIM:128200	DOID:543
OMIM:128230	DOID:0050835
OMIM:128235	DOID:0050835
OMIM:129400	DOID:0060330
OMIM:129490	DOID:14793
OMIM:129500	DOID:14693
OMIM:130000	DOID:14720
OMIM:130020	DOID:14757
OMIM:130050	DOID:14756
OMIM:130060	DOID:13359
OMIM:130070	DOID:13359
OMIM:130600	DOID:2373
OMIM:130650	DOID:5572
OMIM:130900	DOID:2187
OMIM:131100	DOID:10017
OMIM:131300	DOID:4997
OMIM:131440	DOID:999
OMIM:131705	DOID:4959
OMIM:131750	DOID:4959
OMIM:131760	DOID:4644
OMIM:131800	DOID:4644
OMIM:131850	DOID:4959
OMIM:131900	DOID:4644
OMIM:131950	DOID:4644
OMIM:131960	DOID:4644
OMIM:132000	DOID:4959
OMIM:132400	DOID:12721
OMIM:132450	DOID:11830
OMIM:132600	DOID:5374
OMIM:132700	DOID:3165
OMIM:132800	DOID:305
OMIM:132900	DOID:14004
OMIM:133020	DOID:9240
OMIM:133100	DOID:10780
OMIM:133190	DOID:37
OMIM:133200	DOID:0050467
OMIM:133239	DOID:3748
OMIM:133540	DOID:2962
OMIM:133700	DOID:206
OMIM:133701	DOID:206
OMIM:133780	DOID:0050535
OMIM:134610	DOID:2987
OMIM:135100	DOID:13374
OMIM:135150	DOID:0050676
OMIM:135290	DOID:0050424
OMIM:135300	DOID:3086
OMIM:135700	DOID:10235
OMIM:135750	DOID:17
OMIM:136000	DOID:37
OMIM:136120	DOID:1391
OMIM:136140	DOID:1657
OMIM:136630	DOID:1059
OMIM:136680	DOID:0050438
OMIM:136760	DOID:17
OMIM:136800	DOID:11555
OMIM:136880	DOID:11105
OMIM:136900	DOID:10871
OMIM:137200	DOID:0050526
OMIM:137215	DOID:10534
OMIM:137245	DOID:10540
OMIM:137440	DOID:4249
OMIM:137550	DOID:3165
OMIM:137580	DOID:11119
OMIM:137600	DOID:0050786
OMIM:137750	DOID:1067
OMIM:137760	DOID:1070
OMIM:137800	DOID:3070
OMIM:137920	DOID:0050524
OMIM:138000	DOID:2431
OMIM:138500	DOID:9252
OMIM:138800	DOID:0050489
OMIM:139090	DOID:2218
OMIM:139210	DOID:11383
OMIM:139300	DOID:11603
OMIM:139393	DOID:12842
OMIM:140000	DOID:17
OMIM:140300	DOID:7188
OMIM:140350	DOID:9275
OMIM:140600	DOID:8398
OMIM:140700	DOID:589
OMIM:141500	DOID:0060178
OMIM:141749	DOID:12241
OMIM:142330	DOID:3172
OMIM:142623	DOID:10487
OMIM:142680	DOID:37
OMIM:142690	DOID:2280
OMIM:142900	DOID:1682
OMIM:142945	DOID:4621
OMIM:142946	DOID:4621
OMIM:143095	DOID:0050813
OMIM:143100	DOID:12858
OMIM:143200	DOID:8466
OMIM:143465	DOID:1094
OMIM:143500	DOID:2739
OMIM:143880	DOID:12678
OMIM:143890	DOID:13810
OMIM:144010	DOID:13810
OMIM:144200	DOID:0050428
OMIM:144250	DOID:13809
OMIM:144650	DOID:1171
OMIM:144700	DOID:0050387
OMIM:144750	DOID:4257
OMIM:145000	DOID:13543
OMIM:145001	DOID:13543
OMIM:145250	DOID:3156
OMIM:145410	DOID:0050780
OMIM:145500	DOID:10825
OMIM:145600	DOID:8545
OMIM:145650	DOID:7998
OMIM:145680	DOID:2855
OMIM:145750	DOID:0050527
OMIM:145900	DOID:0050540
OMIM:145980	DOID:12678
OMIM:145981	DOID:12678
OMIM:146000	DOID:28
OMIM:146110	DOID:1924
OMIM:146200	DOID:11199
OMIM:146255	DOID:10003
OMIM:146300	DOID:14213
OMIM:146500	DOID:4752
OMIM:146510	DOID:9248
OMIM:146520	DOID:4535
OMIM:146550	DOID:4535
OMIM:146590	DOID:8741
OMIM:146700	DOID:1702
OMIM:146800	DOID:37
OMIM:147050	DOID:1205
OMIM:147060	DOID:3261
OMIM:147250	DOID:0050591
OMIM:147480	DOID:1852
OMIM:147750	DOID:10488
OMIM:147891	DOID:0080001
OMIM:147920	DOID:74
OMIM:147950	DOID:3614
OMIM:148000	DOID:8632
OMIM:148050	DOID:14780
OMIM:148190	DOID:4677
OMIM:148210	DOID:4677
OMIM:148300	DOID:10126
OMIM:148350	DOID:10003
OMIM:148500	DOID:5041
OMIM:148600	DOID:3390
OMIM:148700	DOID:3390
OMIM:148820	DOID:9258
OMIM:149200	DOID:0050658
OMIM:149400	DOID:423
OMIM:149730	DOID:0050331
OMIM:150250	DOID:14764
OMIM:150400	DOID:0050591
OMIM:150600	DOID:14415
OMIM:150699	DOID:13223
OMIM:150800	DOID:3165
OMIM:151050	DOID:1059
OMIM:151100	DOID:14291
OMIM:151210	DOID:13481
OMIM:151623	DOID:3012
OMIM:151660	DOID:0050440
OMIM:152700	DOID:9074
OMIM:152950	DOID:0060349
OMIM:153100	DOID:0050580
OMIM:153400	DOID:4977
OMIM:153480	DOID:0050657
OMIM:153550	DOID:2361
OMIM:153600	DOID:0050747
OMIM:153670	DOID:2217
OMIM:153700	DOID:0050661
OMIM:153800	DOID:10871
OMIM:154020	DOID:447
OMIM:154400	DOID:5768
OMIM:154500	DOID:2908
OMIM:154700	DOID:14323
OMIM:154780	DOID:10003
OMIM:154800	DOID:12309
OMIM:155240	DOID:0050547
OMIM:155255	DOID:0050902
OMIM:155310	DOID:3878
OMIM:155600	DOID:10041
OMIM:155601	DOID:10041
OMIM:155755	DOID:3069
OMIM:155950	DOID:4253
OMIM:156200	DOID:0060307
OMIM:156240	DOID:1790
OMIM:156250	DOID:184
OMIM:156400	DOID:12721
OMIM:156500	DOID:0080021
OMIM:156530	DOID:12721
OMIM:156550	DOID:674
OMIM:157170	DOID:4621
OMIM:157300	DOID:6364
OMIM:157640	DOID:539
OMIM:158000	DOID:0050472
OMIM:158300	DOID:0050646
OMIM:158320	DOID:0050465
OMIM:158330	DOID:11613
OMIM:158350	DOID:6457
OMIM:158580	DOID:12377
OMIM:158590	DOID:0050582
OMIM:158600	DOID:0060160
OMIM:158810	DOID:0050663
OMIM:158901	DOID:11727
OMIM:159000	DOID:11724
OMIM:159001	DOID:11724
OMIM:159900	DOID:0050835
OMIM:159950	DOID:11720
OMIM:160120	DOID:963
OMIM:160150	DOID:14717
OMIM:160500	DOID:11720
OMIM:160565	DOID:14717
OMIM:160800	DOID:2106
OMIM:160900	DOID:11722
OMIM:160980	DOID:0050471
OMIM:161000	DOID:14693
OMIM:161200	DOID:9467
OMIM:161400	DOID:8986
OMIM:161800	DOID:3191
OMIM:162000	DOID:0060062
OMIM:162091	DOID:3204
OMIM:162100	DOID:10383
OMIM:162200	DOID:8712
OMIM:162210	DOID:8712
OMIM:162300	DOID:10016
OMIM:162350	DOID:14503
OMIM:162400	DOID:0050548
OMIM:162500	DOID:2477
OMIM:162800	DOID:5339
OMIM:162830	DOID:9500
OMIM:162900	DOID:14693
OMIM:163000	DOID:37
OMIM:163200	DOID:14693
OMIM:163500	DOID:0050534
OMIM:163800	DOID:13884
OMIM:163950	DOID:3490
OMIM:164200	DOID:0060291
OMIM:164230	DOID:10933
OMIM:164280	DOID:1059
OMIM:164300	DOID:11719
OMIM:164400	DOID:1441
OMIM:164500	DOID:14784
OMIM:165300	DOID:5723
OMIM:165500	DOID:5723
OMIM:165550	DOID:14555
OMIM:165720	DOID:8398
OMIM:165800	DOID:84
OMIM:166200	DOID:12347
OMIM:166210	DOID:12347
OMIM:166220	DOID:12347
OMIM:166250	DOID:12721
OMIM:166260	DOID:12347
OMIM:166300	DOID:0080001
OMIM:166350	DOID:37
OMIM:166600	DOID:13533
OMIM:166700	DOID:11991
OMIM:166710	DOID:11476
OMIM:167000	DOID:2394
OMIM:167200	DOID:0050449
OMIM:167210	DOID:0050449
OMIM:167320	DOID:0050881
OMIM:167400	DOID:863
OMIM:167800	DOID:4989
OMIM:167870	DOID:594
OMIM:168000	DOID:0050773
OMIM:168300	DOID:0050759
OMIM:168400	DOID:1059
OMIM:168500	DOID:0060285
OMIM:168550	DOID:13994
OMIM:168600	DOID:14330
OMIM:168601	DOID:14330
OMIM:168605	DOID:1596
OMIM:169100	DOID:13832
OMIM:169150	DOID:8501
OMIM:169400	DOID:9631
OMIM:169500	DOID:3210
OMIM:169600	DOID:0050429
OMIM:170100	DOID:9252
OMIM:170390	DOID:0050434
OMIM:170400	DOID:14452
OMIM:170500	DOID:14451
OMIM:170650	DOID:1474
OMIM:171300	DOID:0050771
OMIM:171400	DOID:0050430
OMIM:172700	DOID:11870
OMIM:172800	DOID:3263
OMIM:172870	DOID:8466
OMIM:173100	DOID:9406
OMIM:173200	DOID:9212
OMIM:173600	DOID:1532
OMIM:173900	DOID:898
OMIM:174000	DOID:898
OMIM:174050	DOID:0050770
OMIM:174200	DOID:1148
OMIM:174300	DOID:0060316
OMIM:174500	DOID:1148
OMIM:174700	DOID:1148
OMIM:174800	DOID:1858
OMIM:174810	DOID:0080001
OMIM:174900	DOID:0050787
OMIM:175050	DOID:1270
OMIM:175100	DOID:0050424
OMIM:175200	DOID:3852
OMIM:175700	DOID:14761
OMIM:175780	DOID:0060263
OMIM:175900	DOID:3805
OMIM:176000	DOID:3890
OMIM:176100	DOID:3132
OMIM:176200	DOID:4346
OMIM:176270	DOID:11983
OMIM:176305	DOID:10892
OMIM:176410	DOID:2277
OMIM:176500	DOID:9246
OMIM:176670	DOID:3911
OMIM:176807	DOID:10283
OMIM:176860	DOID:3756
OMIM:176920	DOID:13482
OMIM:177000	DOID:13270
OMIM:177170	DOID:0080047
OMIM:177200	DOID:0050477
OMIM:177650	DOID:13641
OMIM:177735	DOID:4479
OMIM:177820	DOID:12531
OMIM:177850	DOID:2738
OMIM:177900	DOID:8893
OMIM:178300	DOID:0060261
OMIM:178500	DOID:0050156
OMIM:178600	DOID:14557
OMIM:179800	DOID:14219
OMIM:179850	DOID:0060256
OMIM:180100	DOID:10584
OMIM:180104	DOID:10584
OMIM:180105	DOID:10584
OMIM:180200	DOID:4647
OMIM:180295	DOID:3247
OMIM:180300	DOID:7148
OMIM:180500	DOID:14686
OMIM:180550	DOID:4251
OMIM:180700	DOID:0060254
OMIM:180750	DOID:12960
OMIM:180800	DOID:10595
OMIM:180849	DOID:1933
OMIM:180860	DOID:14681
OMIM:180920	DOID:13757
OMIM:181000	DOID:11335
OMIM:181030	DOID:452
OMIM:181270	DOID:10892
OMIM:181350	DOID:11726
OMIM:181400	DOID:12377
OMIM:181405	DOID:12377
OMIM:181430	DOID:0060253
OMIM:181450	DOID:3463
OMIM:181500	DOID:5419
OMIM:182000	DOID:6498
OMIM:182212	DOID:2340
OMIM:182230	DOID:863
OMIM:182250	DOID:520
OMIM:182280	DOID:5409
OMIM:182290	DOID:13364
OMIM:182410	DOID:13096
OMIM:182600	DOID:2476
OMIM:182601	DOID:2476
OMIM:182900	DOID:12971
OMIM:182920	DOID:14264
OMIM:182940	DOID:863
OMIM:182980	DOID:12377
OMIM:183086	DOID:1441
OMIM:183090	DOID:0060204
OMIM:183900	DOID:14789
OMIM:184095	DOID:12721
OMIM:184250	DOID:0080028
OMIM:184252	DOID:12721
OMIM:184460	DOID:11971
OMIM:184500	DOID:0050449
OMIM:184840	DOID:0080046
OMIM:184900	DOID:37
OMIM:185000	DOID:589
OMIM:185070	DOID:0060354
OMIM:185300	DOID:255
OMIM:185500	DOID:1929
OMIM:185800	DOID:0050788
OMIM:185900	DOID:11193
OMIM:186000	DOID:0060242
OMIM:186100	DOID:11193
OMIM:186200	DOID:11193
OMIM:186300	DOID:11193
OMIM:186500	DOID:0050794
OMIM:186550	DOID:11971
OMIM:186570	DOID:0050789
OMIM:186580	DOID:0050678
OMIM:187300	DOID:1270
OMIM:187500	DOID:6419
OMIM:187600	DOID:13481
OMIM:187601	DOID:13481
OMIM:187800	DOID:2219
OMIM:187900	DOID:2219
OMIM:187950	DOID:2224
OMIM:188000	DOID:1588
OMIM:188030	DOID:8924
OMIM:188050	DOID:2452
OMIM:188055	DOID:2452
OMIM:188400	DOID:11198
OMIM:188470	DOID:3962
OMIM:188550	DOID:3969
OMIM:188570	DOID:11633
OMIM:188740	DOID:1148
OMIM:188890	DOID:0050742
OMIM:189500	DOID:6678
OMIM:189800	DOID:10591
OMIM:190300	DOID:4990
OMIM:190320	DOID:693
OMIM:190350	DOID:14743
OMIM:190351	DOID:0050552
OMIM:190440	DOID:2340
OMIM:190685	DOID:14250
OMIM:190900	DOID:11661
OMIM:191100	DOID:13515
OMIM:191830	DOID:14766
OMIM:191900	DOID:37
OMIM:192315	DOID:5679
OMIM:192350	DOID:14679
OMIM:192430	DOID:12583
OMIM:192500	DOID:2843
OMIM:192600	DOID:11984
OMIM:192605	DOID:114
OMIM:192950	DOID:17
OMIM:193100	DOID:0050445
OMIM:193220	DOID:8466
OMIM:193230	DOID:8466
OMIM:193300	DOID:14175
OMIM:193400	DOID:12531
OMIM:193500	DOID:9258
OMIM:193510	DOID:9258
OMIM:193520	DOID:8712
OMIM:193530	DOID:1091
OMIM:193670	DOID:612
OMIM:193700	DOID:0050646
OMIM:193900	DOID:0050448
OMIM:194070	DOID:2154
OMIM:194080	DOID:3764
OMIM:194200	DOID:384
OMIM:194380	DOID:589
OMIM:200100	DOID:1386
OMIM:200150	DOID:1289
OMIM:200500	DOID:0050603
OMIM:200600	DOID:0080054
OMIM:200610	DOID:0080056
OMIM:200700	DOID:0080052
OMIM:200950	DOID:655
OMIM:200990	DOID:9250
OMIM:201000	DOID:0060234
OMIM:201100	DOID:0050605
OMIM:201250	DOID:0080051
OMIM:201300	DOID:0050548
OMIM:201400	DOID:28
OMIM:201450	DOID:3146
OMIM:201470	DOID:3146
OMIM:201475	DOID:3146
OMIM:201710	DOID:0050811
OMIM:201750	DOID:0050462
OMIM:201810	DOID:0050811
OMIM:201910	DOID:0050811
OMIM:202010	DOID:0050811
OMIM:202110	DOID:0050811
OMIM:202200	DOID:1701
OMIM:202300	DOID:3948
OMIM:202370	DOID:10588
OMIM:202400	DOID:2236
OMIM:202650	DOID:0060341
OMIM:202700	DOID:0050590
OMIM:203100	DOID:0050632
OMIM:203200	DOID:0050632
OMIM:203290	DOID:0050632
OMIM:203300	DOID:3753
OMIM:203400	DOID:9553
OMIM:203450	DOID:4252
OMIM:203500	DOID:9270
OMIM:203655	DOID:0050634
OMIM:203700	DOID:1442
OMIM:203740	DOID:9252
OMIM:203750	DOID:14723
OMIM:203780	DOID:10983
OMIM:203800	DOID:0050473
OMIM:204000	DOID:14791
OMIM:204100	DOID:14791
OMIM:204200	DOID:14503
OMIM:204300	DOID:14503
OMIM:204500	DOID:14503
OMIM:204650	DOID:2187
OMIM:204690	DOID:2187
OMIM:204700	DOID:2187
OMIM:204870	DOID:12318
OMIM:205100	DOID:0060194
OMIM:205400	DOID:1388
OMIM:205950	DOID:0060065
OMIM:206100	DOID:0050642
OMIM:206200	DOID:11252
OMIM:206700	DOID:1059
OMIM:206800	DOID:0050643
OMIM:206900	DOID:10629
OMIM:206920	DOID:9258
OMIM:207410	DOID:0050462
OMIM:207750	DOID:14118
OMIM:207800	DOID:9278
OMIM:207900	DOID:14755
OMIM:208000	DOID:0050644
OMIM:208050	DOID:0050645
OMIM:208085	DOID:0050763
OMIM:208150	DOID:381
OMIM:208230	DOID:14286
OMIM:208250	DOID:14286
OMIM:208400	DOID:0050461
OMIM:208530	DOID:1682
OMIM:208540	DOID:0060259
OMIM:208550	DOID:2841
OMIM:208900	DOID:12704
OMIM:208920	DOID:4090
OMIM:209300	DOID:0050649
OMIM:209500	DOID:987
OMIM:209880	DOID:9220
OMIM:209900	DOID:1935
OMIM:209920	DOID:5812
OMIM:209950	DOID:104
OMIM:210200	DOID:0050710
OMIM:210210	DOID:0050710
OMIM:210250	DOID:5295
OMIM:210370	DOID:0050664
OMIM:210600	DOID:0050569
OMIM:210710	DOID:10907
OMIM:210720	DOID:10907
OMIM:210750	DOID:3156
OMIM:210900	DOID:2717
OMIM:211180	DOID:0050684
OMIM:211400	DOID:9563
OMIM:211500	DOID:681
OMIM:211530	DOID:0050694
OMIM:211600	DOID:1852
OMIM:211750	DOID:2340
OMIM:211800	DOID:182
OMIM:211900	DOID:182
OMIM:211980	DOID:1324
OMIM:212050	DOID:2058
OMIM:212065	DOID:0050570
OMIM:212066	DOID:0050571
OMIM:212070	DOID:9252
OMIM:212112	DOID:12930
OMIM:212138	DOID:3146
OMIM:212140	DOID:14365
OMIM:212350	DOID:0050700
OMIM:212550	DOID:10629
OMIM:212720	DOID:1924
OMIM:212750	DOID:10608
OMIM:212780	DOID:11193
OMIM:212840	DOID:1924
OMIM:213300	DOID:0050777
OMIM:213600	DOID:0060230
OMIM:213700	DOID:4810
OMIM:213980	DOID:1059
OMIM:214100	DOID:905
OMIM:214150	DOID:2962
OMIM:214300	DOID:10426
OMIM:214400	DOID:0050541
OMIM:214450	DOID:10003
OMIM:214500	DOID:2935
OMIM:214700	DOID:0060296
OMIM:214800	DOID:0050834
OMIM:214950	DOID:0050674
OMIM:215045	DOID:206
OMIM:215100	DOID:2580
OMIM:215140	DOID:12721
OMIM:215150	DOID:0080026
OMIM:215300	DOID:3371
OMIM:215470	DOID:1924
OMIM:215600	DOID:5082
OMIM:215700	DOID:9273
OMIM:216340	DOID:13994
OMIM:216360	DOID:13580
OMIM:216400	DOID:2962
OMIM:216550	DOID:1059
OMIM:216820	DOID:12270
OMIM:216900	DOID:13911
OMIM:217000	DOID:0060295
OMIM:217080	DOID:420
OMIM:217085	DOID:1682
OMIM:217090	DOID:6195
OMIM:217095	DOID:6406
OMIM:217300	DOID:0060287
OMIM:217400	DOID:12318
OMIM:217700	DOID:11555
OMIM:217800	DOID:2565
OMIM:218000	DOID:574
OMIM:218040	DOID:0050469
OMIM:218330	DOID:0050577
OMIM:218340	DOID:12270
OMIM:218400	DOID:0080033
OMIM:218600	DOID:0050654
OMIM:218700	DOID:0050328
OMIM:218800	DOID:3803
OMIM:219000	DOID:5614
OMIM:219050	DOID:11383
OMIM:219080	DOID:12252
OMIM:219090	DOID:7004
OMIM:219100	DOID:3144
OMIM:219150	DOID:3144
OMIM:219200	DOID:3144
OMIM:219700	DOID:1485
OMIM:219730	DOID:10908
OMIM:219750	DOID:1064
OMIM:219800	DOID:1064
OMIM:219900	DOID:1064
OMIM:220100	DOID:9266
OMIM:220110	DOID:3762
OMIM:220111	DOID:3652
OMIM:220150	DOID:447
OMIM:220210	DOID:2785
OMIM:220290	DOID:0050565
OMIM:220400	DOID:2842
OMIM:220500	DOID:10003
OMIM:220600	DOID:10003
OMIM:221750	DOID:9406
OMIM:221770	DOID:811
OMIM:221820	DOID:936
OMIM:221900	DOID:0060282
OMIM:222100	DOID:9744
OMIM:222300	DOID:10632
OMIM:222448	DOID:10003
OMIM:222470	DOID:421
OMIM:222600	DOID:14687
OMIM:222700	DOID:9252
OMIM:222730	DOID:1059
OMIM:222748	DOID:655
OMIM:222765	DOID:2580
OMIM:222900	DOID:2978
OMIM:223000	DOID:2978
OMIM:223100	DOID:10604
OMIM:223360	DOID:863
OMIM:223800	DOID:1059
OMIM:223900	DOID:11589
OMIM:224050	DOID:1059
OMIM:224100	DOID:1338
OMIM:224120	DOID:1338
OMIM:224230	DOID:2729
OMIM:224410	DOID:28
OMIM:224690	DOID:0060306
OMIM:224750	DOID:0050591
OMIM:224900	DOID:14793
OMIM:225200	DOID:238
OMIM:225250	DOID:0050328
OMIM:225280	DOID:14693
OMIM:225300	DOID:17
OMIM:225320	DOID:13359
OMIM:225400	DOID:13359
OMIM:225410	DOID:13359
OMIM:225500	DOID:12714
OMIM:225750	DOID:0050629
OMIM:225753	DOID:0060273
OMIM:225790	DOID:4626
OMIM:226200	DOID:655
OMIM:226400	DOID:13777
OMIM:226600	DOID:4959
OMIM:226650	DOID:3209
OMIM:226670	DOID:4644
OMIM:226700	DOID:3209
OMIM:226730	DOID:14693
OMIM:226750	DOID:2187
OMIM:226900	DOID:12721
OMIM:226980	DOID:9744
OMIM:227240	DOID:3156
OMIM:227260	DOID:2120
OMIM:227300	DOID:2216
OMIM:227400	DOID:2216
OMIM:227500	DOID:2215
OMIM:227645	DOID:13636
OMIM:227646	DOID:13636
OMIM:227650	DOID:13636
OMIM:227810	DOID:1062
OMIM:228000	DOID:0050464
OMIM:228300	DOID:5003
OMIM:228550	DOID:3355
OMIM:228600	DOID:37
OMIM:228900	DOID:0050790
OMIM:228930	DOID:17
OMIM:228960	DOID:1247
OMIM:228980	DOID:5679
OMIM:229050	DOID:5295
OMIM:229070	DOID:14228
OMIM:229100	DOID:655
OMIM:229200	DOID:14775
OMIM:229300	DOID:12705
OMIM:229600	DOID:9869
OMIM:229700	DOID:5204
OMIM:230000	DOID:14500
OMIM:230200	DOID:14695
OMIM:230350	DOID:9870
OMIM:230400	DOID:9870
OMIM:230450	DOID:583
OMIM:230500	DOID:3322
OMIM:230600	DOID:3322
OMIM:230650	DOID:3322
OMIM:230740	DOID:987
OMIM:230800	DOID:1926
OMIM:230900	DOID:1926
OMIM:231000	DOID:1926
OMIM:231005	DOID:1926
OMIM:231070	DOID:0080001
OMIM:231090	DOID:3590
OMIM:231095	DOID:12721
OMIM:231200	DOID:2217
OMIM:231300	DOID:11211
OMIM:231530	DOID:655
OMIM:231550	DOID:0050602
OMIM:231670	DOID:9252
OMIM:231680	DOID:0060358
OMIM:231690	DOID:9252
OMIM:231900	DOID:583
OMIM:232200	DOID:2749
OMIM:232220	DOID:2749
OMIM:232240	DOID:2749
OMIM:232300	DOID:2752
OMIM:232400	DOID:2748
OMIM:232500	DOID:2750
OMIM:232600	DOID:2746
OMIM:232700	DOID:2754
OMIM:232800	DOID:11721
OMIM:233100	DOID:9432
OMIM:233300	DOID:14450
OMIM:233400	DOID:0050857
OMIM:233420	DOID:14448
OMIM:233650	DOID:3265
OMIM:233690	DOID:3265
OMIM:233700	DOID:3265
OMIM:233710	DOID:3265
OMIM:233910	DOID:9281
OMIM:234000	DOID:2231
OMIM:234050	DOID:0050528
OMIM:234200	DOID:3981
OMIM:234500	DOID:1060
OMIM:234810	DOID:6432
OMIM:235200	DOID:2352
OMIM:235400	DOID:12554
OMIM:235510	DOID:48
OMIM:235550	DOID:612
OMIM:235555	DOID:0050674
OMIM:235730	DOID:10487
OMIM:235800	DOID:9252
OMIM:236200	DOID:9263
OMIM:236250	DOID:9263
OMIM:236270	DOID:13382
OMIM:236600	DOID:10908
OMIM:236670	DOID:0050560
OMIM:236680	DOID:0050779
OMIM:236700	DOID:1682
OMIM:236730	DOID:0050816
OMIM:236792	DOID:0050574
OMIM:236800	DOID:9252
OMIM:237300	DOID:9280
OMIM:237310	DOID:9267
OMIM:237450	DOID:2741
OMIM:237500	DOID:12308
OMIM:237900	DOID:2741
OMIM:238320	DOID:1923
OMIM:238600	DOID:14118
OMIM:238700	DOID:9274
OMIM:238970	DOID:0050720
OMIM:239000	DOID:5408
OMIM:239100	DOID:12721
OMIM:239200	DOID:11202
OMIM:239300	DOID:1059
OMIM:239500	DOID:9252
OMIM:239510	DOID:9252
OMIM:239850	DOID:420
OMIM:240300	DOID:14040
OMIM:240500	DOID:12177
OMIM:240600	DOID:2747
OMIM:240800	DOID:9993
OMIM:241080	DOID:987
OMIM:241200	DOID:445
OMIM:241410	DOID:0060348
OMIM:241500	DOID:14213
OMIM:241510	DOID:14213
OMIM:241520	DOID:0050445
OMIM:241550	DOID:9955
OMIM:241600	DOID:655
OMIM:241800	DOID:1931
OMIM:241850	DOID:0050655
OMIM:242100	DOID:1699
OMIM:242300	DOID:1699
OMIM:242500	DOID:1699
OMIM:242600	DOID:447
OMIM:242840	DOID:0060356
OMIM:242860	DOID:612
OMIM:242900	DOID:2349
OMIM:243000	DOID:574
OMIM:243060	DOID:14227
OMIM:243150	DOID:14671
OMIM:243300	DOID:1852
OMIM:243310	DOID:0060229
OMIM:243500	DOID:14753
OMIM:243700	DOID:3261
OMIM:243800	DOID:14694
OMIM:244200	DOID:3614
OMIM:244400	DOID:0050144
OMIM:244450	DOID:1059
OMIM:244460	DOID:4257
OMIM:245000	DOID:3389
OMIM:245010	DOID:3389
OMIM:245050	DOID:0014667
OMIM:245150	DOID:182
OMIM:245200	DOID:10587
OMIM:245340	DOID:423
OMIM:245348	DOID:3649
OMIM:245349	DOID:3649
OMIM:245480	DOID:9500
OMIM:245570	DOID:2538
OMIM:245590	DOID:9521
OMIM:245660	DOID:4251
OMIM:245800	DOID:1930
OMIM:245900	DOID:1391
OMIM:246000	DOID:110
OMIM:246200	DOID:0050470
OMIM:246300	DOID:1024
OMIM:246650	DOID:3146
OMIM:246700	DOID:0060357
OMIM:246900	DOID:9269
OMIM:247100	DOID:14498
OMIM:248190	DOID:447
OMIM:248200	DOID:0050817
OMIM:248250	DOID:12679
OMIM:248300	DOID:3390
OMIM:248360	DOID:655
OMIM:248370	DOID:811
OMIM:248390	DOID:2908
OMIM:248450	DOID:12270
OMIM:248500	DOID:3413
OMIM:248510	DOID:3633
OMIM:248600	DOID:9269
OMIM:248700	DOID:65
OMIM:248800	DOID:9277
OMIM:248900	DOID:0060245
OMIM:249000	DOID:0050778
OMIM:249100	DOID:2987
OMIM:249270	DOID:13382
OMIM:249400	DOID:14693
OMIM:249420	DOID:1682
OMIM:249500	DOID:0060308
OMIM:249700	DOID:12721
OMIM:249900	DOID:10581
OMIM:250100	DOID:10581
OMIM:250250	DOID:14773
OMIM:250460	DOID:12721
OMIM:250620	DOID:9252
OMIM:250790	DOID:10783
OMIM:250800	DOID:10783
OMIM:250850	DOID:9252
OMIM:250940	DOID:655
OMIM:250950	DOID:655
OMIM:251000	DOID:9252
OMIM:251100	DOID:14749
OMIM:251110	DOID:14749
OMIM:251120	DOID:9252
OMIM:251200	DOID:10907
OMIM:251255	DOID:1059
OMIM:251260	DOID:7400
OMIM:251290	DOID:0050656
OMIM:251300	DOID:12642
OMIM:251450	DOID:1148
OMIM:251850	DOID:3343
OMIM:251950	DOID:3650
OMIM:252010	DOID:700
OMIM:252011	DOID:655
OMIM:252150	DOID:896
OMIM:252160	DOID:896
OMIM:252500	DOID:3343
OMIM:252600	DOID:3343
OMIM:252605	DOID:3343
OMIM:252650	DOID:3343
OMIM:252900	DOID:12801
OMIM:252920	DOID:12801
OMIM:252930	DOID:12801
OMIM:252940	DOID:12801
OMIM:253000	DOID:12804
OMIM:253010	DOID:12804
OMIM:253200	DOID:12800
OMIM:253220	DOID:12803
OMIM:253250	DOID:0050436
OMIM:253260	DOID:856
OMIM:253270	DOID:859
OMIM:253280	DOID:0050560
OMIM:253290	DOID:8545
OMIM:253300	DOID:13137
OMIM:253310	DOID:381
OMIM:253400	DOID:12376
OMIM:253550	DOID:0050530
OMIM:253600	DOID:11724
OMIM:253601	DOID:11724
OMIM:253700	DOID:11724
OMIM:253800	DOID:0050559
OMIM:254090	DOID:0050558
OMIM:254110	DOID:11724
OMIM:254130	DOID:11720
OMIM:254210	DOID:3635
OMIM:254300	DOID:3635
OMIM:254450	DOID:4971
OMIM:254500	DOID:9538
OMIM:254600	DOID:655
OMIM:254770	DOID:4890
OMIM:254780	DOID:3534
OMIM:254800	DOID:3535
OMIM:254900	DOID:891
OMIM:255110	DOID:0060235
OMIM:255120	DOID:9993
OMIM:255125	DOID:3650
OMIM:255200	DOID:14717
OMIM:255310	DOID:14717
OMIM:255600	DOID:14717
OMIM:255700	DOID:2106
OMIM:255800	DOID:12721
OMIM:255960	DOID:117
OMIM:255995	DOID:0060346
OMIM:256000	DOID:3652
OMIM:256030	DOID:3191
OMIM:256050	DOID:0050648
OMIM:256100	DOID:12712
OMIM:256300	DOID:1184
OMIM:256370	DOID:1184
OMIM:256450	DOID:13317
OMIM:256500	DOID:0050474
OMIM:256520	DOID:936
OMIM:256540	DOID:3211
OMIM:256550	DOID:3343
OMIM:256600	DOID:2367
OMIM:256700	DOID:769
OMIM:256730	DOID:14503
OMIM:256731	DOID:14503
OMIM:256800	DOID:0050548
OMIM:256810	DOID:409
OMIM:256840	DOID:2477
OMIM:256850	DOID:574
OMIM:257200	DOID:14504
OMIM:257220	DOID:14504
OMIM:257270	DOID:0050534
OMIM:257300	DOID:630
OMIM:257320	DOID:0050453
OMIM:257850	DOID:0060291
OMIM:257920	DOID:0060225
OMIM:257980	DOID:14693
OMIM:258100	DOID:8498
OMIM:258315	DOID:0060288
OMIM:258450	DOID:539
OMIM:258480	DOID:12721
OMIM:258501	DOID:655
OMIM:258860	DOID:0060316
OMIM:258870	DOID:1415
OMIM:258900	DOID:0050833
OMIM:259050	DOID:182
OMIM:259100	DOID:14283
OMIM:259420	DOID:12347
OMIM:259440	DOID:12347
OMIM:259450	DOID:0060231
OMIM:259500	DOID:3347
OMIM:259600	DOID:0080001
OMIM:259700	DOID:13533
OMIM:259710	DOID:13533
OMIM:259720	DOID:13533
OMIM:259730	DOID:13533
OMIM:259770	DOID:12347
OMIM:259775	DOID:674
OMIM:259900	DOID:2977
OMIM:260000	DOID:2977
OMIM:260005	DOID:9252
OMIM:260300	DOID:14330
OMIM:260350	DOID:4905
OMIM:260370	DOID:0050877
OMIM:260400	DOID:4961
OMIM:260500	DOID:2626
OMIM:260540	DOID:14330
OMIM:260600	DOID:0060215
OMIM:260660	DOID:1934
OMIM:260800	DOID:2978
OMIM:260920	DOID:0050452
OMIM:261000	DOID:0050734
OMIM:261100	DOID:13382
OMIM:261500	DOID:9500
OMIM:261515	DOID:10003
OMIM:261540	DOID:9296
OMIM:261550	DOID:0050791
OMIM:261600	DOID:9281
OMIM:261630	DOID:9281
OMIM:261640	DOID:9281
OMIM:261650	DOID:2978
OMIM:261670	DOID:557
OMIM:261680	DOID:2978
OMIM:261740	DOID:2747
OMIM:261750	DOID:0050594
OMIM:262000	DOID:0050677
OMIM:262190	DOID:0050470
OMIM:262300	DOID:13911
OMIM:262400	DOID:9406
OMIM:262500	DOID:9521
OMIM:262600	DOID:9406
OMIM:262650	DOID:9406
OMIM:262700	DOID:9406
OMIM:262850	DOID:2213
OMIM:262890	DOID:1247
OMIM:263200	DOID:898
OMIM:263300	DOID:8997
OMIM:263400	DOID:8432
OMIM:263520	DOID:12721
OMIM:263570	DOID:2747
OMIM:263650	DOID:0060055
OMIM:263700	DOID:13271
OMIM:263750	DOID:2908
OMIM:263800	DOID:0050450
OMIM:264070	DOID:9281
OMIM:264080	DOID:345
OMIM:264300	DOID:11603
OMIM:264350	DOID:4479
OMIM:264470	DOID:0050797
OMIM:264600	DOID:10892
OMIM:264700	DOID:10609
OMIM:264800	DOID:2738
OMIM:265000	DOID:8545
OMIM:265050	DOID:0060225
OMIM:265100	DOID:12117
OMIM:265120	DOID:12120
OMIM:265380	DOID:13042
OMIM:265450	DOID:5453
OMIM:265800	DOID:12721
OMIM:266100	DOID:1826
OMIM:266120	DOID:583
OMIM:266130	DOID:9252
OMIM:266140	DOID:2373
OMIM:266150	DOID:3651
OMIM:266200	DOID:2861
OMIM:266265	DOID:0050571
OMIM:266280	DOID:0050774
OMIM:266500	DOID:10582
OMIM:266510	DOID:0050444
OMIM:266600	DOID:0050589
OMIM:266900	DOID:0050576
OMIM:266920	DOID:10584
OMIM:267000	DOID:2154
OMIM:267010	DOID:0050778
OMIM:267300	DOID:14219
OMIM:267500	DOID:0060020
OMIM:267750	DOID:5327
OMIM:268100	DOID:8466
OMIM:268130	DOID:0080001
OMIM:268150	DOID:0050641
OMIM:268200	DOID:423
OMIM:268210	DOID:3246
OMIM:268220	DOID:4051
OMIM:268300	DOID:5325
OMIM:268305	DOID:11836
OMIM:268310	DOID:17
OMIM:268400	DOID:2732
OMIM:268700	DOID:9274
OMIM:268800	DOID:3323
OMIM:268900	DOID:9252
OMIM:269000	DOID:0050536
OMIM:269150	DOID:1059
OMIM:269160	DOID:863
OMIM:269250	DOID:0050775
OMIM:269500	DOID:0060251
OMIM:269600	DOID:4423
OMIM:269700	DOID:0050585
OMIM:269840	DOID:5812
OMIM:269880	DOID:12678
OMIM:269920	DOID:3659
OMIM:269921	DOID:3659
OMIM:270100	DOID:758
OMIM:270200	DOID:14501
OMIM:270300	DOID:0060283
OMIM:270400	DOID:14692
OMIM:270420	DOID:655
OMIM:270550	DOID:1441
OMIM:270685	DOID:2476
OMIM:270700	DOID:2476
OMIM:270800	DOID:2476
OMIM:270960	DOID:14227
OMIM:270970	DOID:12971
OMIM:271150	DOID:0050529
OMIM:271245	DOID:0050556
OMIM:271400	DOID:612
OMIM:271640	DOID:12721
OMIM:271665	DOID:12721
OMIM:271700	DOID:12721
OMIM:271900	DOID:3613
OMIM:271930	DOID:4751
OMIM:271980	DOID:9252
OMIM:272120	DOID:9007
OMIM:272200	DOID:0050441
OMIM:272300	DOID:9252
OMIM:272430	DOID:0060294
OMIM:272440	DOID:1059
OMIM:272460	DOID:17
OMIM:272750	DOID:4795
OMIM:272800	DOID:3320
OMIM:273300	DOID:2998
OMIM:273395	DOID:17
OMIM:273750	DOID:0060241
OMIM:273800	DOID:2219
OMIM:274000	DOID:14699
OMIM:274150	DOID:10772
OMIM:274270	DOID:14218
OMIM:274300	DOID:11633
OMIM:274400	DOID:0050328
OMIM:274500	DOID:0050328
OMIM:274600	DOID:13197
OMIM:274700	DOID:1459
OMIM:274800	DOID:0050328
OMIM:274900	DOID:0050328
OMIM:275100	DOID:0050328
OMIM:275200	DOID:0050328
OMIM:275210	DOID:381
OMIM:275350	DOID:0050818
OMIM:275355	DOID:5520
OMIM:275400	DOID:0060260
OMIM:275630	DOID:0050729
OMIM:275900	DOID:0050886
OMIM:276300	DOID:1319
OMIM:276600	DOID:0050725
OMIM:276700	DOID:0050726
OMIM:276710	DOID:0050727
OMIM:276820	DOID:13938
OMIM:276880	DOID:9252
OMIM:276900	DOID:0050439
OMIM:276901	DOID:0050439
OMIM:276902	DOID:0050439
OMIM:276904	DOID:0050439
OMIM:276950	DOID:14679
OMIM:277170	DOID:0060316
OMIM:277300	DOID:0050568
OMIM:277380	DOID:0050717
OMIM:277400	DOID:0050715
OMIM:277410	DOID:0050716
OMIM:277440	DOID:10609
OMIM:277450	DOID:2214
OMIM:277460	DOID:5113
OMIM:277470	DOID:0060267
OMIM:277480	DOID:12531
OMIM:277580	DOID:9258
OMIM:277590	DOID:14731
OMIM:277600	DOID:0050475
OMIM:277610	DOID:12721
OMIM:277700	DOID:5688
OMIM:277900	DOID:893
OMIM:277950	DOID:11476
OMIM:278000	DOID:14497
OMIM:278150	DOID:4535
OMIM:278250	DOID:3144
OMIM:278300	DOID:0060236
OMIM:278700	DOID:0050427
OMIM:278720	DOID:0050427
OMIM:278730	DOID:0050427
OMIM:278740	DOID:0050427
OMIM:278750	DOID:0050427
OMIM:278760	DOID:0050427
OMIM:278780	DOID:0050427
OMIM:278800	DOID:1924
OMIM:280000	DOID:12270
OMIM:300000	DOID:0050780
OMIM:300004	DOID:1059
OMIM:300009	DOID:0050699
OMIM:300018	DOID:14448
OMIM:300029	DOID:10584
OMIM:300048	DOID:3878
OMIM:300049	DOID:0050454
OMIM:300055	DOID:0060309
OMIM:300066	DOID:0050566
OMIM:300067	DOID:0050453
OMIM:300068	DOID:4674
OMIM:300071	DOID:0050534
OMIM:300087	DOID:630
OMIM:300088	DOID:0050709
OMIM:300100	DOID:10588
OMIM:300123	DOID:9406
OMIM:300143	DOID:0050776
OMIM:300166	DOID:10629
OMIM:300200	DOID:9553
OMIM:300209	DOID:0060248
OMIM:300210	DOID:0050776
OMIM:300215	DOID:0050453
OMIM:300220	DOID:0060309
OMIM:300243	DOID:1826
OMIM:300244	DOID:12721
OMIM:300257	DOID:0050437
OMIM:300260	DOID:1059
OMIM:300263	DOID:1059
OMIM:300271	DOID:0050776
OMIM:300291	DOID:14793
OMIM:300299	DOID:0050590
OMIM:300301	DOID:14693
OMIM:300321	DOID:14711
OMIM:300322	DOID:1919
OMIM:300323	DOID:13189
OMIM:300352	DOID:0050800
OMIM:300354	DOID:1059
OMIM:300367	DOID:1588
OMIM:300373	DOID:4254
OMIM:300376	DOID:9883
OMIM:300387	DOID:0050776
OMIM:300400	DOID:0060013
OMIM:300419	DOID:1059
OMIM:300422	DOID:14711
OMIM:300423	DOID:1826
OMIM:300424	DOID:10584
OMIM:300425	DOID:12849
OMIM:300434	DOID:1059
OMIM:300436	DOID:0050776
OMIM:300438	DOID:3146
OMIM:300448	DOID:0050908
OMIM:300455	DOID:10584
OMIM:300472	DOID:12270
OMIM:300475	DOID:630
OMIM:300476	DOID:0050572
OMIM:300486	DOID:0050888
OMIM:300489	DOID:12377
OMIM:300491	DOID:150
OMIM:300494	DOID:0050432
OMIM:300495	DOID:12849
OMIM:300496	DOID:12849
OMIM:300497	DOID:0050432
OMIM:300498	DOID:0050776
OMIM:300500	DOID:0050633
OMIM:300510	DOID:5426
OMIM:300511	DOID:5426
OMIM:300514	DOID:13636
OMIM:300523	DOID:0050631
OMIM:300534	DOID:1059
OMIM:300537	DOID:0050454
OMIM:300539	DOID:3401
OMIM:300554	DOID:0050445
OMIM:300555	DOID:0050699
OMIM:300558	DOID:0050776
OMIM:300559	DOID:2747
OMIM:300577	DOID:0050776
OMIM:300582	DOID:630
OMIM:300584	DOID:612
OMIM:300590	DOID:11725
OMIM:300600	DOID:0050630
OMIM:300604	DOID:5426
OMIM:300607	DOID:0050709
OMIM:300615	DOID:1059
OMIM:300623	DOID:0050879
OMIM:300624	DOID:14261
OMIM:300633	DOID:10892
OMIM:300635	DOID:2916
OMIM:300636	DOID:630
OMIM:300640	DOID:612
OMIM:300643	DOID:4090
OMIM:300645	DOID:630
OMIM:300653	DOID:655
OMIM:300659	DOID:0050776
OMIM:300661	DOID:655
OMIM:300672	DOID:0050709
OMIM:300673	DOID:1059
OMIM:300676	DOID:0060309
OMIM:300695	DOID:0060253
OMIM:300696	DOID:11726
OMIM:300699	DOID:1059
OMIM:300706	DOID:1059
OMIM:300707	DOID:11193
OMIM:300717	DOID:423
OMIM:300718	DOID:423
OMIM:300749	DOID:10907
OMIM:300751	DOID:0060063
OMIM:300752	DOID:13270
OMIM:300755	DOID:14179
OMIM:300758	DOID:10892
OMIM:300770	DOID:12120
OMIM:300802	DOID:0050776
OMIM:300803	DOID:0050776
OMIM:300804	DOID:0050777
OMIM:300807	DOID:2452
OMIM:300813	DOID:5485
OMIM:300814	DOID:9649
OMIM:300816	DOID:0060286
OMIM:300818	DOID:0060284
OMIM:300842	DOID:1289
OMIM:300844	DOID:0050776
OMIM:300847	DOID:12849
OMIM:300849	DOID:0050776
OMIM:300850	DOID:0050776
OMIM:300854	DOID:4450
OMIM:300855	DOID:0050781
OMIM:300857	DOID:0060206
OMIM:300860	DOID:0050888
OMIM:300872	DOID:12849
OMIM:300882	DOID:11725
OMIM:300886	DOID:0060309
OMIM:300895	DOID:0060289
OMIM:300905	DOID:0050542
OMIM:300908	DOID:2861
OMIM:300912	DOID:0050776
OMIM:300914	DOID:0050566
OMIM:300919	DOID:0050776
OMIM:300923	DOID:0050776
OMIM:301000	DOID:9169
OMIM:301040	DOID:1099
OMIM:301050	DOID:10983
OMIM:301200	DOID:2187
OMIM:301310	DOID:0050554
OMIM:301500	DOID:14499
OMIM:301830	DOID:381
OMIM:301835	DOID:0050647
OMIM:301900	DOID:0050681
OMIM:302045	DOID:12930
OMIM:302060	DOID:0050476
OMIM:302200	DOID:83
OMIM:302350	DOID:110
OMIM:302500	DOID:14784
OMIM:302800	DOID:0050542
OMIM:302905	DOID:630
OMIM:302950	DOID:0060292
OMIM:302960	DOID:0060292
OMIM:303100	DOID:9821
OMIM:303350	DOID:0060246
OMIM:303400	DOID:674
OMIM:303600	DOID:3783
OMIM:303700	DOID:0050679
OMIM:303800	DOID:13909
OMIM:303900	DOID:11661
OMIM:304020	DOID:0050572
OMIM:304100	DOID:630
OMIM:304110	DOID:14737
OMIM:304120	DOID:12721
OMIM:304150	DOID:3144
OMIM:304340	DOID:0060309
OMIM:304400	DOID:0050566
OMIM:304500	DOID:0050566
OMIM:304700	DOID:0050757
OMIM:304790	DOID:612
OMIM:304800	DOID:12387
OMIM:305000	DOID:2729
OMIM:305100	DOID:14793
OMIM:305390	DOID:0050535
OMIM:305400	DOID:6683
OMIM:305450	DOID:14711
OMIM:305600	DOID:2120
OMIM:305620	DOID:12721
OMIM:306000	DOID:0050594
OMIM:306400	DOID:3265
OMIM:306900	DOID:12259
OMIM:306955	DOID:0050545
OMIM:307000	DOID:10908
OMIM:307030	DOID:2978
OMIM:307800	DOID:0050445
OMIM:308050	DOID:1699
OMIM:308100	DOID:1700
OMIM:308230	DOID:6620
OMIM:308240	DOID:2916
OMIM:308300	DOID:12305
OMIM:308350	DOID:0050709
OMIM:308700	DOID:3614
OMIM:308800	DOID:37
OMIM:308990	DOID:0050699
OMIM:309000	DOID:1056
OMIM:309300	DOID:0060305
OMIM:309350	DOID:12721
OMIM:309400	DOID:1838
OMIM:309500	DOID:0060179
OMIM:309510	DOID:14744
OMIM:309520	DOID:14323
OMIM:309530	DOID:0050776
OMIM:309541	DOID:1059
OMIM:309548	DOID:14261
OMIM:309549	DOID:0050776
OMIM:309580	DOID:1924
OMIM:309583	DOID:0050888
OMIM:309585	DOID:11603
OMIM:309630	DOID:17
OMIM:309800	DOID:10629
OMIM:309801	DOID:10629
OMIM:309900	DOID:12799
OMIM:310200	DOID:11723
OMIM:310300	DOID:11726
OMIM:310400	DOID:14717
OMIM:310465	DOID:0050769
OMIM:310468	DOID:1074
OMIM:310490	DOID:0050542
OMIM:310500	DOID:0050534
OMIM:310600	DOID:863
OMIM:310700	DOID:9649
OMIM:311070	DOID:0050542
OMIM:311150	DOID:0050867
OMIM:311200	DOID:0060316
OMIM:311250	DOID:9271
OMIM:311300	DOID:12721
OMIM:311360	DOID:5426
OMIM:311510	DOID:679
OMIM:311900	DOID:11836
OMIM:312000	DOID:9406
OMIM:312060	DOID:630
OMIM:312080	DOID:3210
OMIM:312170	DOID:3649
OMIM:312300	DOID:4674
OMIM:312600	DOID:10584
OMIM:312750	DOID:1206
OMIM:312863	DOID:628
OMIM:312870	DOID:0060248
OMIM:312920	DOID:2476
OMIM:313200	DOID:0060161
OMIM:313400	DOID:12721
OMIM:313500	DOID:0050591
OMIM:313900	DOID:1588
OMIM:314050	DOID:1588
OMIM:314250	DOID:0050835
OMIM:314390	DOID:1682
OMIM:314400	DOID:1682
OMIM:314580	DOID:4090
OMIM:400044	DOID:14448
OMIM:400045	DOID:14450
OMIM:415000	DOID:14227
OMIM:580000	DOID:10003
OMIM:600001	DOID:9351
OMIM:600002	DOID:12721
OMIM:600059	DOID:10584
OMIM:600060	DOID:0050565
OMIM:600072	DOID:0050433
OMIM:600081	DOID:10609
OMIM:600101	DOID:0050564
OMIM:600105	DOID:10584
OMIM:600110	DOID:0050817
OMIM:600116	DOID:14330
OMIM:600118	DOID:0060237
OMIM:600121	DOID:2580
OMIM:600132	DOID:10584
OMIM:600138	DOID:10584
OMIM:600142	DOID:987
OMIM:600143	DOID:14503
OMIM:600145	DOID:17
OMIM:600155	DOID:10487
OMIM:600175	DOID:12377
OMIM:600195	DOID:0050792
OMIM:600202	DOID:4428
OMIM:600204	DOID:12721
OMIM:600208	DOID:10003
OMIM:600224	DOID:0050882
OMIM:600231	DOID:0050428
OMIM:600251	DOID:674
OMIM:600274	DOID:9255
OMIM:600309	DOID:0050651
OMIM:600316	DOID:0050565
OMIM:600320	DOID:9744
OMIM:600334	DOID:11720
OMIM:600363	DOID:2476
OMIM:600373	DOID:12721
OMIM:600376	DOID:1270
OMIM:600462	DOID:3687
OMIM:600496	DOID:0050524
OMIM:600501	DOID:0050600
OMIM:600512	DOID:3331
OMIM:600513	DOID:3331
OMIM:600625	DOID:0050567
OMIM:600630	DOID:0060240
OMIM:600634	DOID:5394
OMIM:600638	DOID:10235
OMIM:600649	DOID:0060235
OMIM:600652	DOID:0050564
OMIM:600721	DOID:0050575
OMIM:600737	DOID:3429
OMIM:600740	DOID:12678
OMIM:600775	DOID:2340
OMIM:600791	DOID:0050332
OMIM:600794	DOID:0050582
OMIM:600795	DOID:9255
OMIM:600802	DOID:5812
OMIM:600803	DOID:1949
OMIM:600807	DOID:2841
OMIM:600850	DOID:5419
OMIM:600852	DOID:10584
OMIM:600858	DOID:11984
OMIM:600880	DOID:11512
OMIM:600881	DOID:83
OMIM:600882	DOID:0050539
OMIM:600886	DOID:2351
OMIM:600901	DOID:13636
OMIM:600919	DOID:2843
OMIM:600920	DOID:10348
OMIM:600955	DOID:28
OMIM:600962	DOID:0050428
OMIM:600965	DOID:0050564
OMIM:600969	DOID:12721
OMIM:600971	DOID:0050565
OMIM:600972	DOID:0080055
OMIM:600974	DOID:0050565
OMIM:600977	DOID:0050572
OMIM:600994	DOID:0050564
OMIM:600995	DOID:1184
OMIM:600996	DOID:0050431
OMIM:601001	DOID:4644
OMIM:601003	DOID:0050692
OMIM:601005	DOID:2843
OMIM:601042	DOID:480
OMIM:601067	DOID:0050439
OMIM:601071	DOID:0050565
OMIM:601072	DOID:0050565
OMIM:601098	DOID:0050538
OMIM:601104	DOID:678
OMIM:601110	DOID:0050570
OMIM:601144	DOID:0050451
OMIM:601152	DOID:2477
OMIM:601154	DOID:12930
OMIM:601186	DOID:0050819
OMIM:601200	DOID:4769
OMIM:601214	DOID:421
OMIM:601238	DOID:2786
OMIM:601277	DOID:1699
OMIM:601283	DOID:9352
OMIM:601287	DOID:11724
OMIM:601316	DOID:0050564
OMIM:601317	DOID:0050564
OMIM:601321	DOID:3490
OMIM:601338	DOID:10003
OMIM:601358	DOID:4535
OMIM:601367	DOID:6713
OMIM:601369	DOID:0050564
OMIM:601382	DOID:0050541
OMIM:601386	DOID:0050565
OMIM:601388	DOID:9744
OMIM:601390	DOID:0060238
OMIM:601399	DOID:2218
OMIM:601410	DOID:0060334
OMIM:601414	DOID:10584
OMIM:601419	DOID:9884
OMIM:601455	DOID:0050541
OMIM:601457	DOID:612
OMIM:601462	DOID:3635
OMIM:601472	DOID:0050539
OMIM:601492	DOID:0050809
OMIM:601493	DOID:12930
OMIM:601494	DOID:12930
OMIM:601495	DOID:2583
OMIM:601518	DOID:10283
OMIM:601536	DOID:0050682
OMIM:601539	DOID:0050444
OMIM:601543	DOID:0050564
OMIM:601544	DOID:0050564
OMIM:601547	DOID:83
OMIM:601552	DOID:11364
OMIM:601553	DOID:4535
OMIM:601559	DOID:206
OMIM:601583	DOID:2154
OMIM:601596	DOID:0050541
OMIM:601606	DOID:162
OMIM:601626	DOID:9119
OMIM:601631	DOID:0050786
OMIM:601634	DOID:863
OMIM:601650	DOID:0050773
OMIM:601665	DOID:9970
OMIM:601675	DOID:2960
OMIM:601678	DOID:445
OMIM:601680	DOID:0050646
OMIM:601705	DOID:987
OMIM:601709	DOID:2216
OMIM:601718	DOID:10584
OMIM:601744	DOID:9074
OMIM:601777	DOID:0050572
OMIM:601780	DOID:14503
OMIM:601813	DOID:0050535
OMIM:601815	DOID:0050722
OMIM:601820	DOID:13317
OMIM:601847	DOID:1852
OMIM:601859	DOID:6688
OMIM:601868	DOID:0050564
OMIM:601869	DOID:0050565
OMIM:601885	DOID:83
OMIM:601887	DOID:8545
OMIM:601894	DOID:2920
OMIM:601942	DOID:9744
OMIM:601952	DOID:37
OMIM:601954	DOID:11724
OMIM:601977	DOID:2224
OMIM:602032	DOID:14693
OMIM:602066	DOID:11832
OMIM:602078	DOID:0060260
OMIM:602079	DOID:655
OMIM:602080	DOID:5408
OMIM:602081	DOID:4090
OMIM:602082	DOID:12318
OMIM:602083	DOID:0050439
OMIM:602088	DOID:12712
OMIM:602089	DOID:2725
OMIM:602092	DOID:0050565
OMIM:602093	DOID:0050572
OMIM:602111	DOID:0080030
OMIM:602347	DOID:1852
OMIM:602361	DOID:0080001
OMIM:602390	DOID:2352
OMIM:602398	DOID:3146
OMIM:602400	DOID:4535
OMIM:602433	DOID:0060196
OMIM:602450	DOID:5812
OMIM:602459	DOID:0050564
OMIM:602471	DOID:0080001
OMIM:602473	DOID:3326
OMIM:602481	DOID:0060178
OMIM:602482	DOID:14686
OMIM:602483	DOID:2742
OMIM:602485	DOID:13317
OMIM:602491	DOID:13809
OMIM:602501	DOID:1272
OMIM:602522	DOID:445
OMIM:602535	DOID:0050858
OMIM:602540	DOID:10003
OMIM:602541	DOID:0050557
OMIM:602579	DOID:0050570
OMIM:602588	DOID:0060232
OMIM:602629	DOID:0050835
OMIM:602668	DOID:0050759
OMIM:602722	DOID:14219
OMIM:602723	DOID:8893
OMIM:602771	DOID:0050557
OMIM:602772	DOID:10584
OMIM:602782	DOID:10003
OMIM:602849	DOID:2340
OMIM:602875	DOID:0080050
OMIM:603013	DOID:5419
OMIM:603034	DOID:3635
OMIM:603041	DOID:3878
OMIM:603075	DOID:10871
OMIM:603147	DOID:0050570
OMIM:603194	DOID:0050778
OMIM:603218	DOID:12858
OMIM:603233	DOID:4184
OMIM:603278	DOID:1312
OMIM:603284	DOID:1059
OMIM:603285	DOID:1059
OMIM:603358	DOID:3650
OMIM:603373	DOID:7998
OMIM:603383	DOID:1067
OMIM:603387	DOID:10908
OMIM:603467	DOID:13636
OMIM:603471	DOID:9273
OMIM:603511	DOID:11724
OMIM:603513	DOID:10970
OMIM:603516	DOID:1441
OMIM:603543	DOID:17
OMIM:603546	DOID:12721
OMIM:603552	DOID:0050120
OMIM:603553	DOID:0050120
OMIM:603554	DOID:5812
OMIM:603563	DOID:2476
OMIM:603585	DOID:0050571
OMIM:603622	DOID:0050564
OMIM:603629	DOID:0050565
OMIM:603649	DOID:0050572
OMIM:603671	DOID:0060342
OMIM:603689	DOID:423
OMIM:603720	DOID:0050565
OMIM:603736	DOID:0060290
OMIM:603776	DOID:1168
OMIM:603786	DOID:0050817
OMIM:603813	DOID:1168
OMIM:603829	DOID:114
OMIM:603830	DOID:2843
OMIM:603860	DOID:898
OMIM:603896	DOID:1100
OMIM:603902	DOID:12241
OMIM:603903	DOID:10923
OMIM:603909	DOID:6688
OMIM:603932	DOID:1283
OMIM:603956	DOID:2893
OMIM:603965	DOID:1312
OMIM:604004	DOID:3213
OMIM:604091	DOID:1387
OMIM:604116	DOID:0050572
OMIM:604117	DOID:37
OMIM:604129	DOID:2730
OMIM:604131	DOID:10241
OMIM:604145	DOID:12930
OMIM:604168	DOID:863
OMIM:604169	DOID:12929
OMIM:604173	DOID:1227
OMIM:604187	DOID:2476
OMIM:604213	DOID:10003
OMIM:604218	DOID:0050831
OMIM:604219	DOID:83
OMIM:604229	DOID:10124
OMIM:604232	DOID:14791
OMIM:604233	DOID:0060170
OMIM:604250	DOID:2352
OMIM:604271	DOID:9406
OMIM:604273	DOID:0050768
OMIM:604278	DOID:14219
OMIM:604286	DOID:11724
OMIM:604290	DOID:0050711
OMIM:604292	DOID:9296
OMIM:604302	DOID:676
OMIM:604307	DOID:83
OMIM:604308	DOID:988
OMIM:604320	DOID:12377
OMIM:604321	DOID:10907
OMIM:604326	DOID:1441
OMIM:604348	DOID:0050628
OMIM:604352	DOID:1826
OMIM:604356	DOID:12557
OMIM:604360	DOID:2476
OMIM:604364	DOID:2234
OMIM:604367	DOID:0050440
OMIM:604369	DOID:3659
OMIM:604370	DOID:5683
OMIM:604377	DOID:0050713
OMIM:604379	DOID:4535
OMIM:604387	DOID:12712
OMIM:604391	DOID:12704
OMIM:604393	DOID:14791
OMIM:604400	DOID:0050431
OMIM:604403	DOID:0060170
OMIM:604416	DOID:813
OMIM:604432	DOID:1441
OMIM:604454	DOID:11720
OMIM:604484	DOID:2477
OMIM:604498	DOID:1588
OMIM:604536	DOID:14693
OMIM:604537	DOID:14791
OMIM:604559	DOID:114
OMIM:604563	DOID:0050541
OMIM:604571	DOID:0060009
OMIM:604625	DOID:0050591
OMIM:604715	DOID:988
OMIM:604717	DOID:0050564
OMIM:604757	DOID:2340
OMIM:604765	DOID:12930
OMIM:604772	DOID:114
OMIM:604777	DOID:161
OMIM:604804	DOID:10907
OMIM:604805	DOID:2476
OMIM:604841	DOID:0080046
OMIM:604864	DOID:12721
OMIM:604901	DOID:12236
OMIM:604906	DOID:5419
OMIM:604928	DOID:10632
OMIM:605013	DOID:4626
OMIM:605019	DOID:1390
OMIM:605021	DOID:308
OMIM:605027	DOID:0060060
OMIM:605039	DOID:2340
OMIM:605041	DOID:0050693
OMIM:605074	DOID:4465
OMIM:605115	DOID:10763
OMIM:605130	DOID:1059
OMIM:605192	DOID:0050564
OMIM:605218	DOID:9074
OMIM:605249	DOID:10003
OMIM:605253	DOID:0050541
OMIM:605258	DOID:6620
OMIM:605259	DOID:1441
OMIM:605280	DOID:2476
OMIM:605282	DOID:0050814
OMIM:605285	DOID:2477
OMIM:605289	DOID:17
OMIM:605309	DOID:12849
OMIM:605355	DOID:3191
OMIM:605361	DOID:1441
OMIM:605362	DOID:12930
OMIM:605373	DOID:0050773
OMIM:605375	DOID:3331
OMIM:605376	DOID:0050545
OMIM:605387	DOID:0050537
OMIM:605389	DOID:4535
OMIM:605407	DOID:0050835
OMIM:605432	DOID:11971
OMIM:605462	DOID:2513
OMIM:605472	DOID:0050439
OMIM:605479	DOID:1852
OMIM:605543	DOID:14330
OMIM:605552	DOID:14221
OMIM:605583	DOID:0050564
OMIM:605588	DOID:0050539
OMIM:605589	DOID:0050539
OMIM:605594	DOID:0050564
OMIM:605606	DOID:8893
OMIM:605637	DOID:3429
OMIM:605670	DOID:8466
OMIM:605676	DOID:421
OMIM:605714	DOID:9246
OMIM:605724	DOID:13636
OMIM:605751	DOID:0060169
OMIM:605803	DOID:3310
OMIM:605809	DOID:3635
OMIM:605814	DOID:9273
OMIM:605820	DOID:3429
OMIM:605850	DOID:9252
OMIM:605899	DOID:9268
OMIM:605909	DOID:14330
OMIM:605911	DOID:9993
OMIM:606002	DOID:1441
OMIM:606003	DOID:2978
OMIM:606054	DOID:14701
OMIM:606056	DOID:0050571
OMIM:606068	DOID:10584
OMIM:606069	DOID:2352
OMIM:606070	DOID:0060212
OMIM:606071	DOID:0050539
OMIM:606072	DOID:0060255
OMIM:606159	DOID:2367
OMIM:606164	DOID:674
OMIM:606170	DOID:1059
OMIM:606176	DOID:9351
OMIM:606217	DOID:0050651
OMIM:606232	DOID:630
OMIM:606243	DOID:4239
OMIM:606324	DOID:14330
OMIM:606346	DOID:0050564
OMIM:606353	DOID:230
OMIM:606367	DOID:612
OMIM:606392	DOID:0050524
OMIM:606394	DOID:0050524
OMIM:606408	DOID:13359
OMIM:606438	DOID:936
OMIM:606445	DOID:9500
OMIM:606482	DOID:0050543
OMIM:606574	DOID:0050632
OMIM:606593	DOID:0060021
OMIM:606595	DOID:0050539
OMIM:606612	DOID:0050557
OMIM:606658	DOID:1441
OMIM:606664	DOID:9252
OMIM:606685	DOID:12930
OMIM:606688	DOID:150
OMIM:606690	DOID:2643
OMIM:606693	DOID:14330
OMIM:606703	DOID:480
OMIM:606705	DOID:0050564
OMIM:606713	DOID:0060239
OMIM:606719	DOID:1909
OMIM:606744	DOID:0050569
OMIM:606762	DOID:13317
OMIM:606763	DOID:9562
OMIM:606764	DOID:9253
OMIM:606766	DOID:14227
OMIM:606768	DOID:11720
OMIM:606777	DOID:2978
OMIM:606785	DOID:3803
OMIM:606798	DOID:529
OMIM:606812	DOID:655
OMIM:606824	DOID:2978
OMIM:606835	DOID:848
OMIM:606843	DOID:6620
OMIM:606854	DOID:863
OMIM:606856	DOID:1793
OMIM:606864	DOID:0050773
OMIM:606889	DOID:10652
OMIM:606937	DOID:1441
OMIM:606943	DOID:0050439
OMIM:606952	DOID:0050632
OMIM:606963	DOID:3083
OMIM:606966	DOID:12712
OMIM:606996	DOID:0050576
OMIM:607014	DOID:12798
OMIM:607015	DOID:12802
OMIM:607016	DOID:0060222
OMIM:607039	DOID:0050565
OMIM:607060	DOID:14330
OMIM:607078	DOID:12721
OMIM:607080	DOID:14448
OMIM:607084	DOID:0050565
OMIM:607091	DOID:0050571
OMIM:607095	DOID:0050640
OMIM:607101	DOID:0050565
OMIM:607115	DOID:37
OMIM:607136	DOID:1441
OMIM:607143	DOID:0050570
OMIM:607151	DOID:13099
OMIM:607154	DOID:4481
OMIM:607155	DOID:11724
OMIM:607174	DOID:4586
OMIM:607196	DOID:10907
OMIM:607200	DOID:0050328
OMIM:607208	DOID:0060171
OMIM:607225	DOID:2476
OMIM:607236	DOID:3981
OMIM:607250	DOID:1441
OMIM:607259	DOID:2476
OMIM:607271	DOID:6688
OMIM:607313	DOID:0060249
OMIM:607323	DOID:12557
OMIM:607326	DOID:0060247
OMIM:607330	DOID:1701
OMIM:607339	DOID:3393
OMIM:607341	DOID:863
OMIM:607346	DOID:9277
OMIM:607361	DOID:0050778
OMIM:607364	DOID:445
OMIM:607371	DOID:0050835
OMIM:607398	DOID:9553
OMIM:607417	DOID:0060308
OMIM:607426	DOID:0050730
OMIM:607432	DOID:0050453
OMIM:607450	DOID:0050431
OMIM:607453	DOID:0050564
OMIM:607454	DOID:9277
OMIM:607459	DOID:539
OMIM:607464	DOID:8161
OMIM:607473	DOID:2214
OMIM:607475	DOID:0050683
OMIM:607476	DOID:0050572
OMIM:607482	DOID:12930
OMIM:607483	DOID:0050659
OMIM:607485	DOID:936
OMIM:607487	DOID:12930
OMIM:607499	DOID:12129
OMIM:607523	DOID:4123
OMIM:607541	DOID:12318
OMIM:607554	DOID:0050650
OMIM:607572	DOID:1024
OMIM:607594	DOID:12177
OMIM:607595	DOID:936
OMIM:607596	DOID:0060265
OMIM:607598	DOID:381
OMIM:607602	DOID:4603
OMIM:607616	DOID:14504
OMIM:607624	DOID:612
OMIM:607625	DOID:14504
OMIM:607626	DOID:987
OMIM:607628	DOID:1827
OMIM:607631	DOID:4890
OMIM:607634	DOID:13533
OMIM:607636	DOID:12721
OMIM:607641	DOID:0050582
OMIM:607654	DOID:3390
OMIM:607655	DOID:421
OMIM:607676	DOID:612
OMIM:607677	DOID:0050539
OMIM:607678	DOID:0050538
OMIM:607682	DOID:1827
OMIM:607684	DOID:0050539
OMIM:607685	DOID:999
OMIM:607688	DOID:14330
OMIM:607694	DOID:0050591
OMIM:607706	DOID:0050541
OMIM:607734	DOID:0050538
OMIM:607736	DOID:0050539
OMIM:607745	DOID:0060169
OMIM:607748	DOID:1701
OMIM:607765	DOID:0050674
OMIM:607778	DOID:0050604
OMIM:607785	DOID:0050458
OMIM:607791	DOID:0050543
OMIM:607801	DOID:11724
OMIM:607812	DOID:0080001
OMIM:607821	DOID:0050565
OMIM:607822	DOID:10652
OMIM:607823	DOID:4535
OMIM:607831	DOID:0050539
OMIM:607832	DOID:1312
OMIM:607841	DOID:0050564
OMIM:607847	DOID:1227
OMIM:607850	DOID:8398
OMIM:607855	DOID:0050557
OMIM:607903	DOID:4535
OMIM:607906	DOID:0050570
OMIM:607907	DOID:3507
OMIM:607921	DOID:10584
OMIM:607932	DOID:10629
OMIM:607936	DOID:37
OMIM:607941	DOID:1882
OMIM:607944	DOID:612
OMIM:608013	DOID:1926
OMIM:608022	DOID:1934
OMIM:608030	DOID:0060198
OMIM:608051	DOID:12318
OMIM:608089	DOID:2871
OMIM:608091	DOID:0050777
OMIM:608093	DOID:0050570
OMIM:608097	DOID:0050454
OMIM:608099	DOID:11724
OMIM:608104	DOID:0050570
OMIM:608106	DOID:6620
OMIM:608115	DOID:5425
OMIM:608133	DOID:10584
OMIM:608161	DOID:0050661
OMIM:608180	DOID:0060242
OMIM:608189	DOID:182
OMIM:608194	DOID:0050572
OMIM:608203	DOID:612
OMIM:608224	DOID:0050564
OMIM:608232	DOID:8552
OMIM:608233	DOID:3753
OMIM:608236	DOID:2477
OMIM:608265	DOID:0050565
OMIM:608266	DOID:1540
OMIM:608320	DOID:3393
OMIM:608323	DOID:0050543
OMIM:608328	DOID:0050475
OMIM:608340	DOID:0050543
OMIM:608354	DOID:178
OMIM:608355	DOID:255
OMIM:608358	DOID:423
OMIM:608361	DOID:12721
OMIM:608380	DOID:10584
OMIM:608389	DOID:0060232
OMIM:608390	DOID:14451
OMIM:608393	DOID:10907
OMIM:608404	DOID:2218
OMIM:608415	DOID:0050335
OMIM:608423	DOID:11724
OMIM:608443	DOID:0060308
OMIM:608446	DOID:5844
OMIM:608456	DOID:0050424
OMIM:608470	DOID:12318
OMIM:608471	DOID:12318
OMIM:608516	DOID:1595
OMIM:608540	DOID:0050570
OMIM:608553	DOID:14791
OMIM:608565	DOID:0050565
OMIM:608567	DOID:13884
OMIM:608569	DOID:12930
OMIM:608572	DOID:9574
OMIM:608594	DOID:0050585
OMIM:608611	DOID:2978
OMIM:608612	DOID:811
OMIM:608615	DOID:0050591
OMIM:608622	DOID:10763
OMIM:608627	DOID:0050752
OMIM:608629	DOID:0050777
OMIM:608634	DOID:0050582
OMIM:608641	DOID:0050564
OMIM:608644	DOID:9562
OMIM:608647	DOID:9562
OMIM:608649	DOID:12271
OMIM:608654	DOID:0050548
OMIM:608673	DOID:0050539
OMIM:608681	DOID:0050568
OMIM:608688	DOID:1826
OMIM:608709	DOID:811
OMIM:608716	DOID:10907
OMIM:608728	DOID:12721
OMIM:608747	DOID:10003
OMIM:608751	DOID:11984
OMIM:608758	DOID:11984
OMIM:608768	DOID:1441
OMIM:608776	DOID:0050570
OMIM:608779	DOID:0050571
OMIM:608782	DOID:3649
OMIM:608799	DOID:0050570
OMIM:608800	DOID:9007
OMIM:608804	DOID:3213
OMIM:608805	DOID:10159
OMIM:608807	DOID:11724
OMIM:608808	DOID:1682
OMIM:608810	DOID:423
OMIM:608812	DOID:9256
OMIM:608836	DOID:0060235
OMIM:608837	DOID:0050471
OMIM:608840	DOID:0050557
OMIM:608864	DOID:0050567
OMIM:608874	DOID:0050567
OMIM:608890	DOID:9258
OMIM:608895	DOID:10871
OMIM:608898	DOID:0050120
OMIM:608901	DOID:3393
OMIM:608902	DOID:655
OMIM:608908	DOID:11830
OMIM:608930	DOID:3635
OMIM:608931	DOID:3635
OMIM:608940	DOID:12721
OMIM:608957	DOID:612
OMIM:608971	DOID:5812
OMIM:608978	DOID:1682
OMIM:608980	DOID:557
OMIM:608984	DOID:480
OMIM:608996	DOID:5426
OMIM:609006	DOID:0050565
OMIM:609015	DOID:3146
OMIM:609016	DOID:3146
OMIM:609033	DOID:10584
OMIM:609040	DOID:0050431
OMIM:609048	DOID:8923
OMIM:609049	DOID:1184
OMIM:609053	DOID:13636
OMIM:609054	DOID:13636
OMIM:609056	DOID:1826
OMIM:609057	DOID:2730
OMIM:609060	DOID:0060286
OMIM:609069	DOID:9351
OMIM:609115	DOID:11724
OMIM:609129	DOID:10003
OMIM:609135	DOID:12449
OMIM:609136	DOID:10487
OMIM:609140	DOID:12318
OMIM:609141	DOID:12318
OMIM:609148	DOID:12365
OMIM:609152	DOID:7998
OMIM:609161	DOID:4751
OMIM:609162	DOID:12721
OMIM:609165	DOID:161
OMIM:609180	DOID:0050570
OMIM:609192	DOID:0050466
OMIM:609195	DOID:2476
OMIM:609200	DOID:14717
OMIM:609220	DOID:0060231
OMIM:609227	DOID:3156
OMIM:609241	DOID:3211
OMIM:609242	DOID:3211
OMIM:609254	DOID:0050576
OMIM:609260	DOID:0050539
OMIM:609265	DOID:3012
OMIM:609270	DOID:1441
OMIM:609273	DOID:3191
OMIM:609283	DOID:12558
OMIM:609284	DOID:3191
OMIM:609285	DOID:3191
OMIM:609286	DOID:12558
OMIM:609304	DOID:0050709
OMIM:609306	DOID:1441
OMIM:609307	DOID:1441
OMIM:609308	DOID:11724
OMIM:609310	DOID:3883
OMIM:609311	DOID:0050541
OMIM:609313	DOID:0050467
OMIM:609322	DOID:2129
OMIM:609338	DOID:1936
OMIM:609340	DOID:2476
OMIM:609352	DOID:4644
OMIM:609404	DOID:10591
OMIM:609423	DOID:635
OMIM:609432	DOID:11193
OMIM:609439	DOID:0050565
OMIM:609441	DOID:1100
OMIM:609446	DOID:1827
OMIM:609452	DOID:9884
OMIM:609460	DOID:10487
OMIM:609464	DOID:11335
OMIM:609508	DOID:5614
OMIM:609524	DOID:9884
OMIM:609528	DOID:0060337
OMIM:609529	DOID:0060025
OMIM:609533	DOID:0050565
OMIM:609535	DOID:655
OMIM:609536	DOID:8158
OMIM:609549	DOID:10629
OMIM:609579	DOID:2340
OMIM:609583	DOID:0050777
OMIM:609597	DOID:0060285
OMIM:609620	DOID:0050793
OMIM:609621	DOID:0050793
OMIM:609622	DOID:0050793
OMIM:609628	DOID:1338
OMIM:609634	DOID:0060178
OMIM:609637	DOID:4621
OMIM:609638	DOID:2730
OMIM:609646	DOID:0050565
OMIM:609698	DOID:50
OMIM:609706	DOID:0050565
OMIM:609734	DOID:9970
OMIM:609741	DOID:83
OMIM:609753	DOID:10608
OMIM:609755	DOID:10608
OMIM:609796	DOID:3156
OMIM:609812	DOID:0050524
OMIM:609813	DOID:0050568
OMIM:609814	DOID:557
OMIM:609820	DOID:8432
OMIM:609821	DOID:2214
OMIM:609823	DOID:0050565
OMIM:609886	DOID:1920
OMIM:609887	DOID:1067
OMIM:609889	DOID:614
OMIM:609909	DOID:12930
OMIM:609923	DOID:10584
OMIM:609924	DOID:9252
OMIM:609939	DOID:9074
OMIM:609942	DOID:3490
OMIM:609968	DOID:13317
OMIM:609975	DOID:13317
OMIM:609981	DOID:612
OMIM:610003	DOID:14503
OMIM:610006	DOID:9252
OMIM:610015	DOID:9252
OMIM:610017	DOID:0050794
OMIM:610019	DOID:83
OMIM:610021	DOID:13317
OMIM:610024	DOID:0050795
OMIM:610042	DOID:2234
OMIM:610048	DOID:12318
OMIM:610069	DOID:0050424
OMIM:610090	DOID:11832
OMIM:610092	DOID:12270
OMIM:610093	DOID:10629
OMIM:610100	DOID:574
OMIM:610102	DOID:0060300
OMIM:610125	DOID:10629
OMIM:610127	DOID:14503
OMIM:610131	DOID:12558
OMIM:610140	DOID:1682
OMIM:610149	DOID:10871
OMIM:610153	DOID:0050565
OMIM:610154	DOID:0050565
OMIM:610156	DOID:5614
OMIM:610163	DOID:612
OMIM:610168	DOID:0050466
OMIM:610181	DOID:0050629
OMIM:610185	DOID:1059
OMIM:610187	DOID:3827
OMIM:610188	DOID:0050777
OMIM:610189	DOID:0050576
OMIM:610193	DOID:0050431
OMIM:610198	DOID:12930
OMIM:610199	DOID:0050328
OMIM:610202	DOID:83
OMIM:610204	DOID:0060274
OMIM:610205	DOID:9245
OMIM:610217	DOID:2367
OMIM:610220	DOID:0050565
OMIM:610227	DOID:2723
OMIM:610244	DOID:2476
OMIM:610245	DOID:1441
OMIM:610246	DOID:1441
OMIM:610250	DOID:2476
OMIM:610253	DOID:0060352
OMIM:610256	DOID:11367
OMIM:610265	DOID:0050565
OMIM:610269	DOID:12129
OMIM:610282	DOID:10584
OMIM:610283	DOID:0050572
OMIM:610293	DOID:0060284
OMIM:610297	DOID:14330
OMIM:610313	DOID:0060294
OMIM:610329	DOID:0050629
OMIM:610333	DOID:0050629
OMIM:610353	DOID:3331
OMIM:610356	DOID:0050795
OMIM:610357	DOID:2476
OMIM:610359	DOID:10584
OMIM:610370	DOID:5295
OMIM:610374	DOID:0060334
OMIM:610377	DOID:0050452
OMIM:610381	DOID:0050572
OMIM:610425	DOID:83
OMIM:610427	DOID:0050534
OMIM:610441	DOID:2519
OMIM:610443	DOID:0050880
OMIM:610444	DOID:0050534
OMIM:610445	DOID:0050534
OMIM:610455	DOID:182
OMIM:610460	DOID:1205
OMIM:610474	DOID:0080001
OMIM:610475	DOID:0060280
OMIM:610476	DOID:0050431
OMIM:610478	DOID:0050795
OMIM:610489	DOID:0060280
OMIM:610498	DOID:0060286
OMIM:610504	DOID:780
OMIM:610505	DOID:0060286
OMIM:610508	DOID:0050524
OMIM:610532	DOID:3213
OMIM:610536	DOID:2908
OMIM:610539	DOID:1926
OMIM:610549	DOID:3138
OMIM:610582	DOID:0060334
OMIM:610599	DOID:10584
OMIM:610612	DOID:14791
OMIM:610618	DOID:14735
OMIM:610623	DOID:0050537
OMIM:610628	DOID:3614
OMIM:610629	DOID:1339
OMIM:610644	DOID:3390
OMIM:610651	DOID:0050427
OMIM:610678	DOID:0060286
OMIM:610682	DOID:12347
OMIM:610687	DOID:3191
OMIM:610688	DOID:0050777
OMIM:610698	DOID:10871
OMIM:610706	DOID:10003
OMIM:610713	DOID:0050689
OMIM:610717	DOID:3146
OMIM:610725	DOID:1184
OMIM:610733	DOID:3490
OMIM:610738	DOID:0050590
OMIM:610743	DOID:1441
OMIM:610755	DOID:170
OMIM:610756	DOID:1059
OMIM:610758	DOID:1059
OMIM:610759	DOID:11725
OMIM:610768	DOID:0050570
OMIM:610773	DOID:700
OMIM:610798	DOID:612
OMIM:610799	DOID:612
OMIM:610805	DOID:557
OMIM:610828	DOID:4621
OMIM:610829	DOID:4621
OMIM:610832	DOID:13636
OMIM:610842	DOID:2738
OMIM:610852	DOID:9562
OMIM:610878	DOID:9620
OMIM:610896	DOID:14702
OMIM:610913	DOID:12120
OMIM:610915	DOID:12347
OMIM:610921	DOID:12120
OMIM:610927	DOID:9074
OMIM:610938	DOID:3393
OMIM:610947	DOID:3393
OMIM:610951	DOID:14503
OMIM:610954	DOID:1059
OMIM:610965	DOID:2962
OMIM:610967	DOID:12347
OMIM:610968	DOID:12347
OMIM:610978	DOID:0050328
OMIM:610984	DOID:0050419
OMIM:610988	DOID:1024
OMIM:610992	DOID:0050723
OMIM:611022	DOID:0050565
OMIM:611038	DOID:10629
OMIM:611040	DOID:10629
OMIM:611067	DOID:0060160
OMIM:611081	DOID:0050589
OMIM:611087	DOID:1826
OMIM:611090	DOID:0060308
OMIM:611091	DOID:0060308
OMIM:611092	DOID:0060308
OMIM:611093	DOID:0060308
OMIM:611105	DOID:700
OMIM:611126	DOID:9252
OMIM:611131	DOID:10584
OMIM:611134	DOID:0050778
OMIM:611136	DOID:1827
OMIM:611162	DOID:12365
OMIM:611174	DOID:0080001
OMIM:611182	DOID:0050571
OMIM:611209	DOID:0050571
OMIM:611225	DOID:2476
OMIM:611228	DOID:0050541
OMIM:611263	DOID:0050592
OMIM:611277	DOID:0060170
OMIM:611283	DOID:9252
OMIM:611291	DOID:10907
OMIM:611302	DOID:2476
OMIM:611307	DOID:11724
OMIM:611363	DOID:1882
OMIM:611369	DOID:767
OMIM:611377	DOID:0050581
OMIM:611378	DOID:10871
OMIM:611383	DOID:0050439
OMIM:611390	DOID:2476
OMIM:611391	DOID:83
OMIM:611407	DOID:12930
OMIM:611431	DOID:3156
OMIM:611451	DOID:0050565
OMIM:611465	DOID:0060262
OMIM:611488	DOID:10871
OMIM:611489	DOID:630
OMIM:611490	DOID:13533
OMIM:611493	DOID:0050650
OMIM:611497	DOID:13533
OMIM:611498	DOID:12712
OMIM:611521	DOID:3261
OMIM:611523	DOID:0060275
OMIM:611528	DOID:0050431
OMIM:611544	DOID:83
OMIM:611548	DOID:5426
OMIM:611553	DOID:3490
OMIM:611554	DOID:14291
OMIM:611556	DOID:2747
OMIM:611560	DOID:0050777
OMIM:611561	DOID:0050778
OMIM:611584	DOID:9258
OMIM:611588	DOID:11724
OMIM:611590	DOID:14219
OMIM:611597	DOID:83
OMIM:611603	DOID:0050453
OMIM:611615	DOID:12930
OMIM:611638	DOID:12270
OMIM:611664	DOID:3156
OMIM:611705	DOID:423
OMIM:611718	DOID:447
OMIM:611719	DOID:0060286
OMIM:611721	DOID:10581
OMIM:611722	DOID:10587
OMIM:611724	DOID:3156
OMIM:611726	DOID:891
OMIM:611742	DOID:3156
OMIM:611755	DOID:14791
OMIM:611762	DOID:37
OMIM:611771	DOID:557
OMIM:611773	DOID:10300
OMIM:611775	DOID:13378
OMIM:611777	DOID:0050451
OMIM:611783	DOID:8432
OMIM:611788	DOID:14004
OMIM:611804	DOID:2373
OMIM:611809	DOID:0050662
OMIM:611812	DOID:9553
OMIM:611816	DOID:1059
OMIM:611818	DOID:2843
OMIM:611819	DOID:2843
OMIM:611820	DOID:2843
OMIM:611868	DOID:10283
OMIM:611875	DOID:0050451
OMIM:611876	DOID:0050451
OMIM:611878	DOID:12930
OMIM:611879	DOID:12930
OMIM:611880	DOID:12930
OMIM:611881	DOID:2747
OMIM:611884	DOID:9562
OMIM:611890	DOID:230
OMIM:611895	DOID:0060200
OMIM:611928	DOID:10283
OMIM:611938	DOID:114
OMIM:611943	DOID:612
OMIM:611953	DOID:10871
OMIM:612004	DOID:1588
OMIM:612015	DOID:0050570
OMIM:612016	DOID:0050730
OMIM:612018	DOID:9432
OMIM:612020	DOID:2476
OMIM:612067	DOID:0050835
OMIM:612069	DOID:0060201
OMIM:612076	DOID:447
OMIM:612079	DOID:987
OMIM:612095	DOID:10584
OMIM:612098	DOID:11984
OMIM:612100	DOID:12849
OMIM:612109	DOID:5614
OMIM:612119	DOID:2978
OMIM:612124	DOID:11984
OMIM:612126	DOID:0050835
OMIM:612132	DOID:14693
OMIM:612138	DOID:4644
OMIM:612158	DOID:12930
OMIM:612160	DOID:1907
OMIM:612164	DOID:0050709
OMIM:612199	DOID:1319
OMIM:612201	DOID:0050650
OMIM:612219	DOID:3369
OMIM:612225	DOID:0050524
OMIM:612227	DOID:1837
OMIM:612229	DOID:9256
OMIM:612233	DOID:700
OMIM:612237	DOID:6496
OMIM:612240	DOID:0050650
OMIM:612244	DOID:0050589
OMIM:612245	DOID:0050589
OMIM:612247	DOID:3138
OMIM:612251	DOID:9074
OMIM:612253	DOID:9074
OMIM:612260	DOID:612
OMIM:612261	DOID:0050589
OMIM:612267	DOID:3156
OMIM:612271	DOID:3156
OMIM:612278	DOID:0050589
OMIM:612284	DOID:0050778
OMIM:612285	DOID:0050777
OMIM:612286	DOID:11476
OMIM:612287	DOID:11476
OMIM:612290	DOID:674
OMIM:612291	DOID:0050777
OMIM:612292	DOID:0050675
OMIM:612300	DOID:583
OMIM:612301	DOID:13533
OMIM:612304	DOID:3756
OMIM:612310	DOID:5426
OMIM:612313	DOID:1059
OMIM:612318	DOID:421
OMIM:612319	DOID:2476
OMIM:612337	DOID:0060307
OMIM:612347	DOID:2842
OMIM:612348	DOID:2452
OMIM:612350	DOID:13359
OMIM:612356	DOID:178
OMIM:612359	DOID:6457
OMIM:612370	DOID:3614
OMIM:612371	DOID:3312
OMIM:612376	DOID:0060318
OMIM:612379	DOID:0050570
OMIM:612387	DOID:11335
OMIM:612389	DOID:0060268
OMIM:612390	DOID:0060269
OMIM:612394	DOID:65
OMIM:612400	DOID:8398
OMIM:612416	DOID:2229
OMIM:612422	DOID:397
OMIM:612423	DOID:1247
OMIM:612437	DOID:891
OMIM:612438	DOID:3213
OMIM:612444	DOID:9562
OMIM:612446	DOID:0060299
OMIM:612447	DOID:11383
OMIM:612462	DOID:4184
OMIM:612463	DOID:4183
OMIM:612518	DOID:9562
OMIM:612520	DOID:9744
OMIM:612522	DOID:9744
OMIM:612526	DOID:0050585
OMIM:612527	DOID:1339
OMIM:612528	DOID:1339
OMIM:612529	DOID:2187
OMIM:612539	DOID:2476
OMIM:612540	DOID:3635
OMIM:612541	DOID:0050590
OMIM:612551	DOID:1312
OMIM:612555	DOID:5683
OMIM:612561	DOID:1339
OMIM:612562	DOID:1339
OMIM:612563	DOID:1339
OMIM:612567	DOID:0050589
OMIM:612572	DOID:10584
OMIM:612577	DOID:0060202
OMIM:612580	DOID:0060307
OMIM:612581	DOID:0060307
OMIM:612591	DOID:9256
OMIM:612621	DOID:0060307
OMIM:612631	DOID:583
OMIM:612643	DOID:0050564
OMIM:612644	DOID:0050564
OMIM:612645	DOID:0050565
OMIM:612649	DOID:9562
OMIM:612650	DOID:9562
OMIM:612651	DOID:331
OMIM:612653	DOID:12971
OMIM:612656	DOID:963
OMIM:612657	DOID:0050572
OMIM:612674	DOID:1389
OMIM:612690	DOID:12971
OMIM:612691	DOID:863
OMIM:612692	DOID:2583
OMIM:612702	DOID:3614
OMIM:612703	DOID:10907
OMIM:612712	DOID:10584
OMIM:612713	DOID:0050807
OMIM:612714	DOID:1338
OMIM:612716	DOID:543
OMIM:612718	DOID:0050712
OMIM:612736	DOID:0050799
OMIM:612740	DOID:3133
OMIM:612775	DOID:0050572
OMIM:612780	DOID:10003
OMIM:612781	DOID:28
OMIM:612782	DOID:5812
OMIM:612783	DOID:5812
OMIM:612794	DOID:1882
OMIM:612813	DOID:0080001
OMIM:612838	DOID:0050451
OMIM:612840	DOID:6612
OMIM:612847	DOID:0050812
OMIM:612852	DOID:37
OMIM:612874	DOID:423
OMIM:612877	DOID:12930
OMIM:612899	DOID:1827
OMIM:612900	DOID:10970
OMIM:612908	DOID:3390
OMIM:612918	DOID:10192
OMIM:612921	DOID:0060241
OMIM:612922	DOID:12554
OMIM:612923	DOID:12554
OMIM:612924	DOID:12554
OMIM:612925	DOID:12554
OMIM:612926	DOID:12554
OMIM:612932	DOID:2747
OMIM:612933	DOID:2747
OMIM:612936	DOID:2476
OMIM:612937	DOID:0050570
OMIM:612938	DOID:28
OMIM:612940	DOID:3144
OMIM:612943	DOID:10584
OMIM:612949	DOID:700
OMIM:612951	DOID:936
OMIM:612952	DOID:0050629
OMIM:612953	DOID:14330
OMIM:612954	DOID:14717
OMIM:612955	DOID:2843
OMIM:612956	DOID:114
OMIM:612961	DOID:0050794
OMIM:612964	DOID:5426
OMIM:612965	DOID:14448
OMIM:612975	DOID:863
OMIM:612989	DOID:5723
OMIM:612997	DOID:14227
OMIM:612998	DOID:11726
OMIM:612999	DOID:11726
OMIM:613000	DOID:0050428
OMIM:613003	DOID:1094
OMIM:613013	DOID:769
OMIM:613014	DOID:769
OMIM:613021	DOID:9563
OMIM:613027	DOID:0050594
OMIM:613028	DOID:3070
OMIM:613029	DOID:3070
OMIM:613038	DOID:9406
OMIM:613060	DOID:1827
OMIM:613065	DOID:9952
OMIM:613068	DOID:2367
OMIM:613071	DOID:9563
OMIM:613073	DOID:12721
OMIM:613074	DOID:0050564
OMIM:613075	DOID:987
OMIM:613076	DOID:699
OMIM:613077	DOID:12558
OMIM:613078	DOID:10907
OMIM:613079	DOID:0050565
OMIM:613080	DOID:14448
OMIM:613086	DOID:0050593
OMIM:613087	DOID:1882
OMIM:613090	DOID:445
OMIM:613091	DOID:0050592
OMIM:613092	DOID:0060062
OMIM:613093	DOID:13911
OMIM:613094	DOID:10629
OMIM:613095	DOID:898
OMIM:613097	DOID:0050591
OMIM:613099	DOID:8923
OMIM:613100	DOID:1067
OMIM:613101	DOID:0050120
OMIM:613105	DOID:9822
OMIM:613107	DOID:0050590
OMIM:613108	DOID:2058
OMIM:613112	DOID:1588
OMIM:613115	DOID:0050548
OMIM:613116	DOID:2452
OMIM:613118	DOID:3755
OMIM:613119	DOID:0050451
OMIM:613120	DOID:0050451
OMIM:613122	DOID:12930
OMIM:613123	DOID:0050451
OMIM:613135	DOID:14330
OMIM:613148	DOID:0050589
OMIM:613150	DOID:0050588
OMIM:613151	DOID:0050588
OMIM:613152	DOID:0050588
OMIM:613153	DOID:0050588
OMIM:613154	DOID:0050588
OMIM:613155	DOID:0050588
OMIM:613156	DOID:0050588
OMIM:613157	DOID:11724
OMIM:613158	DOID:11724
OMIM:613159	DOID:12712
OMIM:613161	DOID:936
OMIM:613162	DOID:2476
OMIM:613163	DOID:0060174
OMIM:613172	DOID:12930
OMIM:613177	DOID:3144
OMIM:613179	DOID:5813
OMIM:613180	DOID:863
OMIM:613192	DOID:0050889
OMIM:613193	DOID:9562
OMIM:613194	DOID:10584
OMIM:613195	DOID:0050475
OMIM:613204	DOID:0050557
OMIM:613205	DOID:0050557
OMIM:613206	DOID:2476
OMIM:613211	DOID:2187
OMIM:613216	DOID:0050534
OMIM:613217	DOID:5295
OMIM:613223	DOID:1024
OMIM:613224	DOID:3490
OMIM:613225	DOID:2211
OMIM:613227	DOID:1059
OMIM:613229	DOID:0050587
OMIM:613235	DOID:2211
OMIM:613237	DOID:1312
OMIM:613243	DOID:11984
OMIM:613244	DOID:3883
OMIM:613251	DOID:11984
OMIM:613252	DOID:12930
OMIM:613254	DOID:13515
OMIM:613255	DOID:11984
OMIM:613265	DOID:9258
OMIM:613266	DOID:9258
OMIM:613268	DOID:11555
OMIM:613270	DOID:11555
OMIM:613280	DOID:0014667
OMIM:613285	DOID:0050565
OMIM:613286	DOID:12930
OMIM:613287	DOID:0050539
OMIM:613291	DOID:10602
OMIM:613307	DOID:0050565
OMIM:613308	DOID:1339
OMIM:613309	DOID:1339
OMIM:613310	DOID:0050535
OMIM:613312	DOID:0050445
OMIM:613313	DOID:2352
OMIM:613319	DOID:11720
OMIM:613320	DOID:12721
OMIM:613325	DOID:3672
OMIM:613327	DOID:0050585
OMIM:613329	DOID:2213
OMIM:613330	DOID:12721
OMIM:613341	DOID:14791
OMIM:613345	DOID:14452
OMIM:613347	DOID:1793
OMIM:613348	DOID:1793
OMIM:613370	DOID:0050524
OMIM:613375	DOID:0050524
OMIM:613376	DOID:0050582
OMIM:613382	DOID:0050581
OMIM:613388	DOID:1062
OMIM:613390	DOID:13636
OMIM:613391	DOID:0050565
OMIM:613399	DOID:5683
OMIM:613402	DOID:0050709
OMIM:613404	DOID:0050763
OMIM:613410	DOID:12849
OMIM:613411	DOID:8498
OMIM:613424	DOID:12930
OMIM:613426	DOID:12930
OMIM:613428	DOID:10584
OMIM:613435	DOID:0060203
OMIM:613436	DOID:12849
OMIM:613443	DOID:0060307
OMIM:613453	DOID:0050565
OMIM:613454	DOID:1206
OMIM:613464	DOID:10584
OMIM:613470	DOID:2861
OMIM:613477	DOID:0050709
OMIM:613480	DOID:0050580
OMIM:613485	DOID:2843
OMIM:613488	DOID:5363
OMIM:613489	DOID:0050571
OMIM:613490	DOID:13372
OMIM:613493	DOID:12177
OMIM:613494	DOID:12177
OMIM:613495	DOID:12177
OMIM:613496	DOID:12177
OMIM:613500	DOID:2583
OMIM:613501	DOID:2583
OMIM:613502	DOID:2583
OMIM:613506	DOID:2583
OMIM:613507	DOID:0050579
OMIM:613508	DOID:0014667
OMIM:613546	DOID:11603
OMIM:613550	DOID:12712
OMIM:613554	DOID:12531
OMIM:613559	DOID:0060286
OMIM:613571	DOID:0050462
OMIM:613575	DOID:10584
OMIM:613581	DOID:10584
OMIM:613582	DOID:10584
OMIM:613587	DOID:0050578
OMIM:613610	DOID:0050577
OMIM:613612	DOID:0050571
OMIM:613615	DOID:0050576
OMIM:613616	DOID:2977
OMIM:613617	DOID:10584
OMIM:613640	DOID:0050548
OMIM:613641	DOID:0050543
OMIM:613642	DOID:12930
OMIM:613643	DOID:14330
OMIM:613647	DOID:2476
OMIM:613656	DOID:6364
OMIM:613657	DOID:0050575
OMIM:613659	DOID:10534
OMIM:613660	DOID:0050572
OMIM:613661	DOID:0050570
OMIM:613673	DOID:1338
OMIM:613674	DOID:9620
OMIM:613676	DOID:0050569
OMIM:613677	DOID:446
OMIM:613679	DOID:2235
OMIM:613684	DOID:1933
OMIM:613686	DOID:0050568
OMIM:613688	DOID:2843
OMIM:613690	DOID:11984
OMIM:613693	DOID:2843
OMIM:613694	DOID:12930
OMIM:613695	DOID:2843
OMIM:613697	DOID:12930
OMIM:613702	DOID:10426
OMIM:613704	DOID:10629
OMIM:613705	DOID:0050567
OMIM:613706	DOID:3490
OMIM:613707	DOID:14291
OMIM:613708	DOID:0050548
OMIM:613711	DOID:10487
OMIM:613712	DOID:10487
OMIM:613717	DOID:2908
OMIM:613718	DOID:0050565
OMIM:613720	DOID:0050709
OMIM:613721	DOID:0050709
OMIM:613722	DOID:0050709
OMIM:613723	DOID:11724
OMIM:613731	DOID:10584
OMIM:613736	DOID:2280
OMIM:613737	DOID:2280
OMIM:613740	DOID:12930
OMIM:613743	DOID:0050546
OMIM:613744	DOID:2476
OMIM:613750	DOID:10584
OMIM:613751	DOID:0050545
OMIM:613752	DOID:0050544
OMIM:613756	DOID:10584
OMIM:613757	DOID:10871
OMIM:613758	DOID:10584
OMIM:613761	DOID:10871
OMIM:613762	DOID:14448
OMIM:613763	DOID:0050537
OMIM:613765	DOID:11984
OMIM:613767	DOID:10584
OMIM:613769	DOID:10584
OMIM:613778	DOID:10871
OMIM:613779	DOID:8354
OMIM:613780	DOID:14004
OMIM:613783	DOID:612
OMIM:613784	DOID:10871
OMIM:613789	DOID:0060302
OMIM:613790	DOID:0060301
OMIM:613791	DOID:612
OMIM:613794	DOID:10584
OMIM:613795	DOID:0050466
OMIM:613800	DOID:0060306
OMIM:613801	DOID:10584
OMIM:613803	DOID:0060306
OMIM:613804	DOID:0060306
OMIM:613805	DOID:0060306
OMIM:613807	DOID:9562
OMIM:613808	DOID:9562
OMIM:613810	DOID:10584
OMIM:613811	DOID:0060270
OMIM:613812	DOID:0050674
OMIM:613818	DOID:0050588
OMIM:613819	DOID:0050592
OMIM:613820	DOID:12712
OMIM:613823	DOID:0050569
OMIM:613824	DOID:12712
OMIM:613825	DOID:0060303
OMIM:613826	DOID:14791
OMIM:613827	DOID:10584
OMIM:613829	DOID:14791
OMIM:613832	DOID:891
OMIM:613835	DOID:14791
OMIM:613837	DOID:14791
OMIM:613838	DOID:11984
OMIM:613839	DOID:13382
OMIM:613843	DOID:10584
OMIM:613848	DOID:12347
OMIM:613849	DOID:12347
OMIM:613850	DOID:655
OMIM:613855	DOID:963
OMIM:613856	DOID:13911
OMIM:613861	DOID:10584
OMIM:613862	DOID:10584
OMIM:613863	DOID:0060170
OMIM:613865	DOID:0050565
OMIM:613870	DOID:1682
OMIM:613873	DOID:11984
OMIM:613874	DOID:11984
OMIM:613875	DOID:11984
OMIM:613876	DOID:11984
OMIM:613877	DOID:0050440
OMIM:613881	DOID:12930
OMIM:613885	DOID:0050778
OMIM:613886	DOID:9970
OMIM:613887	DOID:83
OMIM:613912	DOID:612
OMIM:613916	DOID:0050565
OMIM:613933	DOID:3146
OMIM:613950	DOID:5419
OMIM:613951	DOID:13636
OMIM:613954	DOID:0060205
OMIM:613955	DOID:0050639
OMIM:613957	DOID:14227
OMIM:613958	DOID:14227
OMIM:613960	DOID:3265
OMIM:613970	DOID:0060307
OMIM:613972	DOID:8923
OMIM:613978	DOID:1099
OMIM:613980	DOID:0050650
OMIM:613981	DOID:4535
OMIM:613982	DOID:12347
OMIM:613983	DOID:10584
OMIM:613985	DOID:12241
OMIM:613986	DOID:9406
OMIM:613988	DOID:2729
OMIM:613989	DOID:2729
OMIM:613990	DOID:2729
OMIM:614017	DOID:9562
OMIM:614018	DOID:891
OMIM:614019	DOID:0050453
OMIM:614020	DOID:0060308
OMIM:614022	DOID:0050650
OMIM:614023	DOID:0050724
OMIM:614028	DOID:1168
OMIM:614033	DOID:2373
OMIM:614034	DOID:583
OMIM:614035	DOID:0050565
OMIM:614036	DOID:850
OMIM:614037	DOID:655
OMIM:614042	DOID:13099
OMIM:614049	DOID:0050650
OMIM:614050	DOID:0050650
OMIM:614052	DOID:0060331
OMIM:614053	DOID:0060332
OMIM:614055	DOID:3146
OMIM:614065	DOID:11720
OMIM:614066	DOID:2476
OMIM:614067	DOID:2476
OMIM:614070	DOID:8893
OMIM:614072	DOID:3753
OMIM:614073	DOID:3753
OMIM:614074	DOID:3753
OMIM:614075	DOID:3753
OMIM:614076	DOID:3753
OMIM:614077	DOID:3753
OMIM:614082	DOID:13636
OMIM:614083	DOID:13636
OMIM:614087	DOID:13636
OMIM:614089	DOID:1882
OMIM:614090	DOID:13884
OMIM:614096	DOID:0060286
OMIM:614097	DOID:2582
OMIM:614099	DOID:0080033
OMIM:614102	DOID:612
OMIM:614104	DOID:0060307
OMIM:614105	DOID:9252
OMIM:614111	DOID:3649
OMIM:614113	DOID:0060307
OMIM:614116	DOID:0050548
OMIM:614120	DOID:0050779
OMIM:614128	DOID:655
OMIM:614129	DOID:0050857
OMIM:614131	DOID:1312
OMIM:614135	DOID:12721
OMIM:614152	DOID:0050564
OMIM:614158	DOID:1247
OMIM:614165	DOID:0050773
OMIM:614167	DOID:11830
OMIM:614171	DOID:3753
OMIM:614173	DOID:0050777
OMIM:614175	DOID:0050778
OMIM:614180	DOID:10584
OMIM:614181	DOID:10584
OMIM:614186	DOID:14791
OMIM:614190	DOID:0060280
OMIM:614196	DOID:1184
OMIM:614198	DOID:3635
OMIM:614199	DOID:1184
OMIM:614200	DOID:1588
OMIM:614202	DOID:0050889
OMIM:614203	DOID:14330
OMIM:614205	DOID:0060241
OMIM:614209	DOID:0050778
OMIM:614213	DOID:0050548
OMIM:614219	DOID:0060227
OMIM:614222	DOID:0060237
OMIM:614225	DOID:0060237
OMIM:614226	DOID:4621
OMIM:614228	DOID:0050539
OMIM:614249	DOID:0060308
OMIM:614250	DOID:8986
OMIM:614251	DOID:14330
OMIM:614254	DOID:0060307
OMIM:614255	DOID:0060307
OMIM:614256	DOID:0060307
OMIM:614257	DOID:0060307
OMIM:614265	DOID:655
OMIM:614266	DOID:9206
OMIM:614278	DOID:2841
OMIM:614279	DOID:14448
OMIM:614286	DOID:0060308
OMIM:614291	DOID:5683
OMIM:614293	DOID:3393
OMIM:614296	DOID:10632
OMIM:614300	DOID:0050544
OMIM:614302	DOID:11726
OMIM:614305	DOID:0060251
OMIM:614307	DOID:3146
OMIM:614320	DOID:1793
OMIM:614321	DOID:11720
OMIM:614324	DOID:14450
OMIM:614331	DOID:3883
OMIM:614335	DOID:0050646
OMIM:614337	DOID:3883
OMIM:614340	DOID:0060308
OMIM:614350	DOID:3883
OMIM:614370	DOID:12120
OMIM:614371	DOID:0050125
OMIM:614372	DOID:655
OMIM:614373	DOID:0060207
OMIM:614376	DOID:0050592
OMIM:614377	DOID:12712
OMIM:614378	DOID:0080033
OMIM:614379	DOID:0060298
OMIM:614380	DOID:0060297
OMIM:614385	DOID:3883
OMIM:614408	DOID:14717
OMIM:614409	DOID:2476
OMIM:614420	DOID:9074
OMIM:614424	DOID:0050777
OMIM:614429	DOID:1657
OMIM:614430	DOID:0050651
OMIM:614431	DOID:1657
OMIM:614432	DOID:1657
OMIM:614433	DOID:1882
OMIM:614434	DOID:3144
OMIM:614435	DOID:9955
OMIM:614436	DOID:0050539
OMIM:614437	DOID:3144
OMIM:614438	DOID:3144
OMIM:614450	DOID:0050328
OMIM:614455	DOID:0050543
OMIM:614456	DOID:8923
OMIM:614464	DOID:0050777
OMIM:614465	DOID:0050777
OMIM:614466	DOID:3393
OMIM:614470	DOID:6688
OMIM:614473	DOID:0050632
OMIM:614474	DOID:0050651
OMIM:614475	DOID:1882
OMIM:614483	DOID:0060263
OMIM:614486	DOID:2452
OMIM:614491	DOID:4479
OMIM:614492	DOID:4479
OMIM:614499	DOID:0060308
OMIM:614500	DOID:0050572
OMIM:614504	DOID:0050439
OMIM:614521	DOID:2224
OMIM:614558	DOID:0050709
OMIM:614559	DOID:0050883
OMIM:614562	DOID:0060307
OMIM:614563	DOID:0060307
OMIM:614582	DOID:0060286
OMIM:614583	DOID:0060229
OMIM:614592	DOID:10591
OMIM:614607	DOID:0060307
OMIM:614608	DOID:0060307
OMIM:614609	DOID:0060307
OMIM:614613	DOID:14669
OMIM:614615	DOID:0050777
OMIM:614617	DOID:0050565
OMIM:614621	DOID:0060240
OMIM:614640	DOID:0060240
OMIM:614643	DOID:0050588
OMIM:614650	DOID:0050730
OMIM:614651	DOID:0050730
OMIM:614652	DOID:0050730
OMIM:614653	DOID:0050548
OMIM:614654	DOID:0050730
OMIM:614672	DOID:12930
OMIM:614674	DOID:9620
OMIM:614678	DOID:0060266
OMIM:614679	DOID:9562
OMIM:614696	DOID:0060208
OMIM:614699	DOID:12177
OMIM:614700	DOID:12177
OMIM:614701	DOID:11725
OMIM:614702	DOID:0060286
OMIM:614706	DOID:14503
OMIM:614723	DOID:0060350
OMIM:614728	DOID:0050569
OMIM:614732	DOID:0050885
OMIM:614740	DOID:2513
OMIM:614753	DOID:14748
OMIM:614779	DOID:0050545
OMIM:614782	DOID:4990
OMIM:614807	DOID:14717
OMIM:614808	DOID:0060209
OMIM:614810	DOID:2377
OMIM:614814	DOID:0060227
OMIM:614815	DOID:0050777
OMIM:614816	DOID:0050466
OMIM:614819	DOID:0050475
OMIM:614820	DOID:0050635
OMIM:614822	DOID:14227
OMIM:614823	DOID:1712
OMIM:614830	DOID:0050588
OMIM:614832	DOID:2187
OMIM:614844	DOID:12712
OMIM:614845	DOID:12712
OMIM:614847	DOID:1827
OMIM:614851	DOID:0050569
OMIM:614856	DOID:12347
OMIM:614859	DOID:906
OMIM:614861	DOID:0050565
OMIM:614862	DOID:906
OMIM:614869	DOID:0050439
OMIM:614870	DOID:906
OMIM:614874	DOID:9562
OMIM:614876	DOID:906
OMIM:614879	DOID:906
OMIM:614882	DOID:906
OMIM:614883	DOID:906
OMIM:614886	DOID:906
OMIM:614887	DOID:906
OMIM:614895	DOID:0050541
OMIM:614898	DOID:2476
OMIM:614899	DOID:0050565
OMIM:614900	DOID:1339
OMIM:614922	DOID:0060286
OMIM:614924	DOID:0060286
OMIM:614926	DOID:0050857
OMIM:614932	DOID:0060286
OMIM:614934	DOID:0050565
OMIM:614935	DOID:9562
OMIM:614944	DOID:0050565
OMIM:614945	DOID:0050565
OMIM:614946	DOID:0060286
OMIM:614947	DOID:0060286
OMIM:614959	DOID:0050709
OMIM:614961	DOID:0060277
OMIM:614970	DOID:0050777
OMIM:614972	DOID:1852
OMIM:614976	DOID:0060234
OMIM:615006	DOID:0050709
OMIM:615007	DOID:0060230
OMIM:615008	DOID:1184
OMIM:615009	DOID:0060307
OMIM:615010	DOID:0050629
OMIM:615025	DOID:0050539
OMIM:615026	DOID:8454
OMIM:615030	DOID:2476
OMIM:615031	DOID:2476
OMIM:615032	DOID:12849
OMIM:615033	DOID:2476
OMIM:615035	DOID:2476
OMIM:615041	DOID:0050588
OMIM:615043	DOID:2476
OMIM:615059	DOID:4535
OMIM:615065	DOID:0050646
OMIM:615066	DOID:12347
OMIM:615067	DOID:9562
OMIM:615072	DOID:0050581
OMIM:615074	DOID:0060307
OMIM:615075	DOID:0060307
OMIM:615081	DOID:14227
OMIM:615083	DOID:9256
OMIM:615085	DOID:13533
OMIM:615091	DOID:12849
OMIM:615106	DOID:6457
OMIM:615107	DOID:6457
OMIM:615109	DOID:6457
OMIM:615112	DOID:0050816
OMIM:615119	DOID:0050713
OMIM:615134	DOID:8923
OMIM:615135	DOID:9269
OMIM:615157	DOID:0060351
OMIM:615181	DOID:0050588
OMIM:615182	DOID:655
OMIM:615184	DOID:12930
OMIM:615185	DOID:0050543
OMIM:615188	DOID:83
OMIM:615190	DOID:2729
OMIM:615191	DOID:0050453
OMIM:615214	DOID:2583
OMIM:615219	DOID:10908
OMIM:615220	DOID:12347
OMIM:615222	DOID:0060247
OMIM:615224	DOID:0050628
OMIM:615228	DOID:0060333
OMIM:615232	DOID:5419
OMIM:615233	DOID:10584
OMIM:615234	DOID:0050642
OMIM:615235	DOID:12930
OMIM:615237	DOID:3878
OMIM:615238	DOID:0050440
OMIM:615244	DOID:1184
OMIM:615248	DOID:397
OMIM:615249	DOID:0050588
OMIM:615272	DOID:13636
OMIM:615274	DOID:83
OMIM:615277	DOID:83
OMIM:615278	DOID:0060233
OMIM:615279	DOID:0060233
OMIM:615280	DOID:0060233
OMIM:615284	DOID:0050541
OMIM:615285	DOID:0050590
OMIM:615287	DOID:0050588
OMIM:615294	DOID:9562
OMIM:615297	DOID:0060227
OMIM:615300	DOID:0050857
OMIM:615314	DOID:2340
OMIM:615325	DOID:11724
OMIM:615327	DOID:0060256
OMIM:615338	DOID:0050709
OMIM:615342	DOID:14557
OMIM:615343	DOID:14557
OMIM:615344	DOID:14557
OMIM:615348	DOID:3191
OMIM:615349	DOID:0050802
OMIM:615350	DOID:0050588
OMIM:615351	DOID:0050588
OMIM:615352	DOID:11724
OMIM:615356	DOID:11724
OMIM:615360	DOID:14791
OMIM:615362	DOID:14503
OMIM:615374	DOID:0050572
OMIM:615376	DOID:0050543
OMIM:615377	DOID:0050650
OMIM:615378	DOID:0050650
OMIM:615382	DOID:12712
OMIM:615395	DOID:0060286
OMIM:615397	DOID:0050778
OMIM:615399	DOID:0060284
OMIM:615402	DOID:0060304
OMIM:615413	DOID:14227
OMIM:615415	DOID:0060259
OMIM:615420	DOID:11830
OMIM:615422	DOID:0050881
OMIM:615424	DOID:0050881
OMIM:615425	DOID:4644
OMIM:615426	DOID:0060211
OMIM:615429	DOID:0050565
OMIM:615431	DOID:11830
OMIM:615432	DOID:0060244
OMIM:615434	DOID:10584
OMIM:615436	DOID:14004
OMIM:615439	DOID:10871
OMIM:615440	DOID:0060286
OMIM:615444	DOID:9562
OMIM:615451	DOID:9562
OMIM:615465	DOID:9296
OMIM:615473	DOID:0050709
OMIM:615476	DOID:0050709
OMIM:615481	DOID:9562
OMIM:615482	DOID:9562
OMIM:615483	DOID:0060230
OMIM:615489	DOID:10871
OMIM:615490	DOID:0050539
OMIM:615493	DOID:0060308
OMIM:615500	DOID:9562
OMIM:615501	DOID:896
OMIM:615502	DOID:0060307
OMIM:615504	DOID:9562
OMIM:615505	DOID:9562
OMIM:615506	DOID:1270
OMIM:615512	DOID:0050884
OMIM:615513	DOID:612
OMIM:615515	DOID:0060210
OMIM:615516	DOID:0060308
OMIM:615517	DOID:2351
OMIM:615523	DOID:11555
OMIM:615528	DOID:14330
OMIM:615529	DOID:2340
OMIM:615530	DOID:14330
OMIM:615537	DOID:0060258
OMIM:615540	DOID:0050565
OMIM:615541	DOID:0060308
OMIM:615544	DOID:0050454
OMIM:615545	DOID:9952
OMIM:615546	DOID:0060238
OMIM:615548	DOID:0050548
OMIM:615550	DOID:1339
OMIM:615555	DOID:12700
OMIM:615558	DOID:1390
OMIM:615559	DOID:12177
OMIM:615565	DOID:10584
OMIM:615573	DOID:1184
OMIM:615575	DOID:12377
OMIM:615577	DOID:12177
OMIM:615578	DOID:0060286
OMIM:615590	DOID:10652
OMIM:615591	DOID:10871
OMIM:615595	DOID:0060286
OMIM:615599	DOID:0060308
OMIM:615605	DOID:1062
OMIM:615616	DOID:0050431
OMIM:615625	DOID:2476
OMIM:615629	DOID:0050564
OMIM:615631	DOID:1338
OMIM:615632	DOID:0050548
OMIM:615636	DOID:0050777
OMIM:615637	DOID:0060308
OMIM:615658	DOID:2476
OMIM:615663	DOID:0060237
OMIM:615665	DOID:0050777
OMIM:615670	DOID:3204
OMIM:615683	DOID:2476
OMIM:615685	DOID:2476
OMIM:615686	DOID:2476
OMIM:615688	DOID:9810
OMIM:615696	DOID:0060256
OMIM:615710	DOID:9351
OMIM:615711	DOID:10652
OMIM:615723	DOID:5426
OMIM:615724	DOID:5426
OMIM:615725	DOID:10584
OMIM:615731	DOID:3191
OMIM:615735	DOID:0050428
OMIM:615750	DOID:13099
OMIM:615761	DOID:0060307
OMIM:615767	DOID:12177
OMIM:615770	DOID:0050650
OMIM:615780	DOID:10584
OMIM:615785	DOID:0050448
OMIM:615802	DOID:0060308
OMIM:615803	DOID:0060279
OMIM:615807	DOID:0050569
OMIM:615809	DOID:0060278
OMIM:615812	DOID:14264
OMIM:615817	DOID:0060308
OMIM:615828	DOID:0060307
OMIM:615830	DOID:0060280
OMIM:615834	DOID:0060307
OMIM:615837	DOID:0050565
OMIM:615841	DOID:14227
OMIM:615842	DOID:14227
OMIM:615846	DOID:0050629
OMIM:615848	DOID:8923
OMIM:615851	DOID:0060271
OMIM:615860	DOID:0050572
OMIM:615861	DOID:1184
OMIM:615862	DOID:12712
OMIM:615872	DOID:9562
OMIM:615873	DOID:0060307
OMIM:615878	DOID:1852
OMIM:615885	DOID:4535
OMIM:615887	DOID:2187
OMIM:615896	DOID:4535
OMIM:615907	DOID:0050580
OMIM:615909	DOID:1339
OMIM:615916	DOID:12930
OMIM:615917	DOID:0060286
OMIM:615918	DOID:0060286
OMIM:615922	DOID:10584
OMIM:615942	DOID:0060308
OMIM:615946	DOID:11830
OMIM:615959	DOID:14717
OMIM:615963	DOID:9620
OMIM:615972	DOID:10629
OMIM:615973	DOID:0050572
OMIM:615974	DOID:0050565
OMIM:616151	DOID:0050661
OMIM:616152	DOID:0050661
OMIM:616201	DOID:0060339
OMIM:616208	DOID:0060355
